origin_airport_code,dest_airport_code,distance_grp
PIT,LAX,9
JFK,LAX,10
BUF,JFK,2
DCA,SEA,10
PHX,ORD,6
LAX,JFK,10
ANC,SEA,6
HNL,IAH,11
JFK,SFO,11
IAD,SEA,10
MSY,IAH,2
FLL,JFK,5
SFO,JFK,11
OGG,DFW,11
MIA,IAH,4
EWR,SEA,10
SFO,PHX,3
EWR,BOS,1
HNL,DFW,11
SEA,EWR,10
SAN,PHX,2
PHX,IAH,5
ORD,PHX,6
PHL,LAX,10
BOS,ATL,4
LAX,BOS,11
SEA,BOS,10
PHX,JFK,9
OGG,LAX,10
HNL,EWR,11
PHL,BOS,2
BOS,SEA,10
JFK,PHX,9
FLL,EWR,5
MIA,SEA,11
EWR,MCO,4
FLL,CLT,3
CLT,LGA,3
MCO,EWR,4
TPA,JFK,5
MDW,ATL,3
SEA,JFK,10
PHX,LAX,2
BOS,LAX,11
JFK,SEA,10
ROC,JFK,2
IAH,PHX,5
HNL,SFO,10
SYR,JFK,1
BWI,PHX,8
LIH,LAX,11
JFK,MCO,4
EWR,LAX,10
BOS,EWR,1
OGG,SFO,10
LAX,PHX,2
DEN,IAH,4
PBI,JFK,5
CLT,LAX,9
IAH,DEN,4
MSP,PHX,6
KOA,SFO,10
DFW,SFO,6
SFO,DFW,6
MSY,PHX,6
LAX,CLT,9
IAH,EWR,6
EWR,SFO,11
SAN,ORD,7
MCO,JFK,4
PHX,LAS,2
DCA,PHX,8
PHL,DEN,7
MIA,EWR,5
SFO,ORD,8
ORD,BWI,3
ORD,SFO,8
LIH,SFO,10
SFO,BOS,11
DCA,LAS,9
LAX,LAS,1
SFO,CLT,10
KOA,LAX,11
LAS,JFK,9
BTV,JFK,2
IAD,LAX,10
EWR,IAH,6
HNL,LAX,11
DEN,EWR,7
JFK,LAS,9
CLT,SFO,10
PHL,CLT,2
PHX,SEA,5
KTN,SEA,3
JAX,ATL,2
AUS,DFW,1
RSW,JFK,5
IAD,ATL,3
ATL,MCO,2
LAX,EWR,10
LAS,BOS,10
ORD,LAX,7
JNU,SEA,4
DFW,ORD,4
LAS,SEA,4
MIA,DFW,5
BOS,LAS,10
IAD,PHX,8
DFW,LAS,5
HNL,ORD,11
PIT,SFO,10
CMH,PHX,7
FLL,ATL,3
OAK,LAX,2
DTW,PHX,7
SFO,EWR,11
BUF,BWI,2
ATL,DFW,3
EWR,LAS,9
PDX,SLC,3
SLC,JFK,8
MSY,JFK,5
JFK,SLC,8
LAS,PHX,2
PHX,BWI,8
ATL,JFK,4
OAK,JFK,11
SJC,ORD,8
SEA,DEN,5
SNA,PHX,2
CVG,JFK,3
SEA,LAX,4
GSO,ATL,2
SEA,ORD,7
SEA,LAS,4
ORD,SEA,7
PHL,SFO,11
SFO,SEA,3
ONT,JFK,10
PDX,SFO,3
PIT,PHX,8
SMF,SEA,3
DFW,EWR,6
SNA,SFO,2
DEN,SEA,5
TPA,CLT,3
BWI,MCO,4
TUS,PHX,1
RSW,CLT,3
BNA,BWI,3
ISP,BWI,1
JFK,DEN,7
DEN,JFK,7
ELP,LAX,3
LAS,LAX,1
PHX,MSP,6
LAX,ORD,7
PDX,PHX,5
IND,LAX,8
EWR,ATL,3
IND,LGA,3
BWI,LAS,9
ATL,LAX,8
TPA,ORD,5
ORD,BOS,4
ANC,LAX,10
DFW,ATL,3
DTW,EWR,2
RDU,BWI,2
PHL,SEA,10
MCI,MCO,5
BOS,DFW,7
MDW,LAX,8
PIT,SEA,9
SFO,LAS,2
MCO,ATL,2
FAI,SEA,7
FNT,ATL,3
RNO,LAS,2
SNA,MSP,7
PIT,MCO,4
MSP,IAH,5
DCA,MSP,4
DEN,CLT,6
CLE,BWI,2
TPA,ATL,2
DCA,CLT,2
CLT,DEN,6
DLH,MSP,1
ATL,IAH,3
MSP,ORD,2
CVG,LAX,8
RST,MSP,1
RNO,PHX,3
MTJ,IAH,4
SJC,LAS,2
ORD,MSP,2
PIT,ATL,3
ANC,ORD,11
SNA,LAS,1
LGA,IAH,6
PIT,DEN,6
MCI,BWI,4
ROC,ORD,3
STL,LAX,7
BUF,ORD,2
CMH,LAS,8
OKC,IAH,2
DAL,IAH,1
TUS,LAX,2
ATL,SFO,9
BMI,ATL,3
SFO,ATL,9
SJC,SEA,3
PHX,CLT,8
CHS,CLT,1
CLT,PHX,8
PIT,LGA,2
FLL,IAH,4
PIT,BOS,2
MDW,BOS,4
MIA,ORD,5
MSY,ATL,2
GEG,PHX,5
MDW,SFO,8
MSP,SEA,6
SEA,MSP,6
SEA,ATL,9
SNA,IAH,6
ATL,SEA,9
DCA,IAH,5
BNA,PHX,6
SAN,JFK,10
PHL,PHX,9
MHT,BWI,2
BOS,SFO,11
ATL,BOS,4
SJC,EWR,11
LAX,ATL,8
BOI,PHX,3
BWI,MSP,4
SLC,SEA,3
BNA,SEA,8
CLE,PHX,7
EWR,MSP,5
MSP,BWI,4
MSP,EWR,5
DAY,ATL,2
PIT,CLT,2
IAH,LGA,6
SAN,ATL,8
LGA,MSP,5
RSW,ATL,3
PHL,IAH,6
MEM,LAX,7
RNO,SFO,1
RNO,SLC,2
SAN,MSP,7
ATL,LGA,4
CLE,IAH,5
RNO,SEA,3
FLL,PHX,8
SNA,EWR,10
LBB,LAS,4
SJU,ATL,7
SAN,SEA,5
MKE,MSP,2
SAN,LAS,2
SAN,IAH,6
SLC,ATL,7
HNL,SLC,11
PVD,MSP,5
ORD,LAS,7
MDT,CLT,2
SJC,MSP,7
SEA,IAH,8
SEA,SFO,3
OMA,MSP,2
MCO,DFW,4
DFW,SLC,4
LAX,SEA,4
AUS,ATL,4
ONT,PHX,2
LGB,JFK,10
SJC,JFK,11
FLL,BWI,4
IAD,SFO,10
SJC,DTW,9
IAD,CLT,2
LAX,MCO,9
PVD,DTW,3
MDW,DEN,4
IND,CLT,2
MCO,LAX,9
CAK,ATL,3
DTW,BOS,3
DEN,PHX,3
BUF,ATL,3
MIA,LAX,10
SMF,PHX,3
DCA,ATL,3
SEA,DTW,8
DTW,BWI,2
BWI,DTW,2
DTW,SEA,8
BDL,BWI,2
BQN,EWR,7
MDW,LGA,3
EGE,ATL,6
IAH,DFW,1
SMF,LAS,2
LAS,EWR,9
CVG,LAS,7
MSY,EWR,5
DTW,MCO,4
IAD,LAS,9
HDN,IAH,4
SLC,SFO,3
IND,EWR,3
SLC,PHX,3
PDX,LAX,4
PHL,MSP,4
PHX,ATL,7
ATL,BWI,3
PIT,ORD,2
ATL,DEN,5
SAT,ATL,4
CLE,EWR,2
SRQ,EWR,5
AUS,PHX,4
IAH,BWI,5
JAX,BWI,3
DCA,DTW,2
ATL,EWR,3
PHL,BWI,1
MCO,SLC,8
OAK,PHX,3
MCI,ATL,3
SMF,LAX,2
PIT,DFW,5
IAD,SLC,8
PHX,DTW,7
LGB,SLC,3
PBI,ATL,3
LGA,CLT,3
BUR,PHX,2
PHF,ATL,3
MEM,CLT,3
MCO,LGA,4
DTW,LAS,7
LAS,ATL,7
IAH,SFO,7
CLT,IAH,4
LAS,DTW,7
MDW,DFW,4
BUF,CLT,3
SEA,PHX,5
IAH,ATL,3
TUS,IAH,4
FLL,DTW,5
IND,DTW,1
ORD,DEN,4
ROC,CLT,3
DEN,ATL,5
RNO,LAX,2
SFO,LAX,2
OKC,SLC,4
SJC,IAH,7
IAH,ORD,4
STT,ATL,7
ATL,DTW,3
STL,SLC,5
BWI,ORD,3
ORD,IAH,4
IAH,SLC,5
PHL,DTW,2
ANC,SLC,9
DEN,LAX,4
MKE,DTW,1
BDL,MCO,5
DEN,ORD,4
PIT,BWI,1
AUS,EWR,7
PNS,IAH,2
PHL,MCO,4
PVD,ATL,4
PHL,LAS,9
ALB,ORD,3
CLE,LAS,8
LGA,MCO,4
MHT,DTW,3
PBI,LGA,5
AUS,LAX,5
ATL,ORD,3
BNA,CLT,2
ORD,CLT,3
IAH,DTW,5
LAX,DEN,4
BDL,ORD,4
MSP,CLT,4
SJC,BOS,11
SLC,DEN,2
MEM,SFO,8
JAX,IAH,4
MHT,ORD,4
ATL,SLC,7
SJC,PHX,3
LGA,ATL,4
SAN,DTW,8
MCO,SFO,10
MDW,EWR,3
SFO,MCO,10
BWI,CLT,2
LGB,LAS,1
LAX,BWI,10
BUF,DTW,1
MEM,DTW,3
RIC,DTW,2
TPA,PHX,8
BWI,SFO,10
SFO,BWI,10
SHV,DFW,1
DFW,PHX,4
PIT,EWR,2
MDW,SEA,7
SYR,DTW,2
LAX,SFO,2
HOU,ATL,3
GEG,SEA,1
STL,PHX,6
PHL,ATL,3
LAX,IAH,6
TLH,ATL,1
PHL,ORD,3
BDL,DTW,3
MSY,LAX,7
BWI,LAX,10
ABQ,IAH,3
LGA,ORD,3
LAX,MSP,7
SMF,DFW,6
BNA,IAH,3
MSP,LAX,7
CLT,ATL,1
MSP,LGA,5
EWR,DTW,2
DCA,DFW,5
PDX,DFW,7
CLT,MCO,2
SNA,DFW,5
STL,ATL,2
PDX,ORD,7
DFW,MCO,4
TUS,DFW,4
HOU,PHX,5
BHM,CLT,2
LAS,ORD,7
DEN,DFW,3
MDW,MSP,2
MIA,DEN,7
RDU,ATL,2
COS,DEN,1
TPA,EWR,4
DTW,LAX,8
ATL,LAS,7
MCI,DEN,3
CVG,ATL,2
LAX,DTW,8
GRR,ORD,1
SMF,SLC,3
ABQ,LAS,2
BOS,DEN,8
BOS,CLT,3
SAN,SFO,2
AUS,BWI,6
SJU,BOS,7
SJU,ORD,9
ORD,LGA,3
SLC,ORD,6
ORD,DTW,1
DAY,ORD,1
BOS,DTW,3
OAK,SEA,3
FLL,DFW,5
AUS,IAH,1
COS,ATL,5
SLC,DFW,4
DFW,DTW,4
SFO,DTW,9
SAT,LAX,5
MIA,ATL,3
SFO,IAH,7
MEM,ATL,2
OMA,PHX,5
ABQ,LAX,3
DTW,SFO,9
IAD,DEN,6
MEM,DFW,2
DFW,MSP,4
RDU,CLT,1
LGA,DTW,3
MDW,CLT,3
OAK,IAH,7
DEN,BOS,8
DEN,SFO,4
MHT,EWR,1
OAK,LAS,2
ATL,PHX,7
RDU,IAH,5
DTW,ATL,3
CMH,EWR,2
IAH,CLT,4
MDW,PHX,6
EWR,DEN,7
SFO,MSP,7
DFW,LAX,5
MSP,SFO,7
DFW,BOS,7
ONT,SEA,4
SDF,ATL,2
SFO,DEN,4
BOS,MSP,5
MCI,ORD,2
BUR,LAS,1
IAD,BOS,2
IAD,ORD,3
FLL,LAX,10
SJC,DEN,4
IND,MSP,3
TPA,DFW,4
SAN,DFW,5
MSP,BOS,5
IAD,DFW,5
MBS,DTW,1
IND,DFW,4
BOI,DEN,3
PHL,DFW,6
IAH,JFK,6
CLT,MSP,4
PBI,ORD,5
DSM,DFW,3
LAX,SLC,3
PVD,PHX,10
IAH,LAS,5
DEN,DTW,5
TYS,ATL,1
GRR,DTW,1
MLI,ATL,3
LGA,DFW,6
IAH,BOS,7
OAK,DFW,6
SAV,ATL,1
BIL,DEN,2
DEN,LAS,3
PHL,LGA,1
SNA,DTW,8
MSP,DEN,3
DEN,SLC,2
DFW,DEN,3
SMF,MSP,7
OAK,ATL,9
BDL,DFW,6
COS,DFW,3
SLC,LAX,3
PVD,ORD,4
STL,JFK,4
BDL,PHX,9
DEN,LGA,7
MDW,BWI,3
LGA,DEN,7
MSP,DFW,4
MIA,MCO,1
FLL,LGA,5
RNO,DEN,4
LAS,DFW,5
RSW,ORD,5
SNA,SEA,4
LAS,SLC,2
IND,LAS,7
DFW,BWI,5
OAK,DEN,4
COS,PHX,3
MSY,DEN,5
BDL,ATL,4
MOT,MSP,2
STT,JFK,7
STL,ORD,2
DFW,IAH,1
TPA,BWI,4
BWI,BOS,2
IND,PHX,6
IAH,MSP,5
IAH,SEA,8
BUF,DFW,5
BDL,CLT,3
CLT,BOS,3
ALB,CLT,3
MIA,JFK,5
FNT,DTW,1
STL,CLT,3
MCO,DTW,4
PNS,ATL,2
ORD,ATL,3
IND,DEN,4
BUR,SEA,4
ABQ,DEN,2
ILM,CLT,1
CVG,SEA,8
SAN,EWR,10
DCA,ORD,3
SAN,DEN,4
MIA,SFO,11
DSM,ORD,2
RDU,DFW,5
IND,MCO,4
CLT,DFW,4
PHX,EWR,9
SJU,MCO,5
TPA,MSP,6
FAR,MSP,1
BUR,DEN,4
EWR,ORD,3
DTW,DEN,5
ABQ,MSP,4
MDW,LAS,7
MSY,LGA,5
BNA,DFW,3
DTW,ORD,1
ROC,BWI,2
BWI,ATL,3
MDW,MCO,4
TUL,IAH,2
MEM,MSP,3
TUS,LAS,2
ABQ,DFW,3
PIT,IAH,5
RSW,BWI,4
ELP,PHX,2
PHX,SLC,3
RDU,LGA,2
MCI,PHX,5
CVG,ORD,2
SAT,PHX,4
PBI,EWR,5
BOS,BWI,2
FSD,MSP,1
RIC,CLT,2
MCI,LAX,6
VPS,ATL,2
BWI,DFW,5
CVG,LGA,3
LAN,DTW,1
ORD,MCO,5
MCO,BWI,4
AUS,ORD,4
ELP,IAH,3
HLN,SLC,2
BUR,DFW,5
RSW,EWR,5
SAT,IAH,1
TPA,DTW,4
GSO,CLT,1
MDW,DTW,1
BUR,SFO,2
BTV,ORD,4
CVG,BWI,2
MFE,IAH,2
ONT,LAS,1
PDX,EWR,10
PHX,DEN,3
MIA,BWI,4
BOS,ORD,4
ATL,CLT,1
MCO,ORD,5
SAT,DFW,1
LAS,DEN,3
LAX,DFW,5
IND,ATL,2
SJC,LAX,2
CLT,ORD,3
SAT,DEN,4
BWI,SLC,8
SYR,ORD,3
IND,IAH,4
RIC,ORD,3
SJU,JFK,7
EWR,DFW,6
ORD,DFW,4
DFW,SEA,7
CVG,SFO,9
RDU,ORD,3
PWM,ATL,5
FLL,ORD,5
BHM,BWI,3
BUF,EWR,2
ORD,EWR,3
ABQ,PHX,2
CMH,CLT,2
MEM,LAS,6
DTW,LGA,3
SAT,LAS,5
CLE,DEN,5
XNA,ORD,3
ORF,CLT,2
MSY,SFO,8
PHX,DFW,4
CLE,LAX,9
MCO,DEN,7
TUL,DFW,1
ORF,ATL,3
CMH,DTW,1
DFW,CLT,4
SRQ,CLT,3
STL,DEN,4
DEN,MSP,3
PSP,SFO,2
DAB,ATL,2
JAX,MSP,5
LAS,SFO,2
MCO,PHX,8
ORF,MCO,3
FLL,MCO,1
MCO,LAS,9
TUS,MSP,6
LAS,MCO,9
BOS,IAH,7
SFO,SLC,3
BOS,SLC,9
PSP,SEA,4
PHX,MCO,8
CVG,SLC,6
MIA,MSP,7
OKC,DFW,1
HPN,ORD,3
BNA,EWR,3
TPA,LAS,8
MSP,MCO,6
SJC,ATL,9
SEA,SLC,3
MSY,ORD,4
SAT,ORD,5
MCO,MSP,6
ROC,ATL,3
MKE,PHX,6
TUL,ORD,3
DFW,JFK,6
IAH,MCO,4
MSY,CLT,3
CID,ORD,1
MHT,CLT,3
PDX,MSP,6
ABQ,MCO,7
ROC,MCO,5
STL,BOS,5
OKC,DEN,2
MIA,BOS,6
ONT,DEN,4
MSP,DTW,3
SMF,ATL,9
BOS,MCO,5
PDX,LAS,4
MHT,ATL,4
ABQ,ATL,6
DTW,CLT,3
JAX,EWR,4
JAX,DFW,4
MKE,ATL,3
OMA,ATL,4
PIT,LAS,8
CVG,BOS,4
GEG,MSP,5
CLE,ATL,3
SNA,ATL,8
SNA,ORD,7
SMF,ORD,8
BDL,MSP,5
MEM,IAH,2
TUL,ATL,3
PBI,DFW,5
MEM,LGA,4
SJU,DFW,9
MCI,LAS,5
SDF,MCO,3
MIA,DTW,5
CMH,ATL,2
CVG,DEN,5
HDN,MSP,4
IND,ORD,1
CLT,BWI,2
RSW,MSP,6
COS,LAX,4
ALB,ATL,4
BUF,MCO,5
LEX,ATL,2
GPT,ATL,2
EWR,PHX,9
MKE,CLT,3
CVG,DFW,4
RSW,IAH,4
SJU,CLT,6
CLE,MCO,4
GRR,MSP,2
MSP,SLC,4
MKE,MCO,5
SLC,MSP,4
MIA,LGA,5
MSN,MSP,1
SJU,EWR,7
ABQ,SEA,5
RAP,MSP,2
MCI,IAH,3
MIA,CLT,3
ORF,BWI,1
MCO,CLT,2
DTW,DFW,4
CMH,LAX,8
LAS,IAH,5
CLE,CLT,2
SEA,DFW,7
DFW,LGA,6
RDU,PHX,8
GTF,MSP,4
GEG,DEN,4
MSP,LAS,6
PBI,CLT,3
DEN,BWI,6
SLC,LAS,2
BWI,IAH,5
CHS,ATL,2
CMH,MCO,4
MSP,JFK,5
TUS,SEA,5
DTW,MSP,3
JAC,DEN,2
MFR,SFO,2
DCA,JFK,1
TUL,LAS,5
TUS,DEN,3
AUS,LAS,5
ORF,DTW,3
MSP,ATL,4
SNA,DEN,4
BIS,MSP,2
CLE,SFO,9
ATL,MSP,4
SAT,EWR,7
CMH,IAH,4
AUS,MSP,5
MIA,PHX,8
SRQ,ATL,2
LAS,MSP,6
IND,BWI,3
LAS,BWI,9
SYR,ATL,4
SNA,SLC,3
OMA,DEN,2
LAN,MSP,2
SJU,BWI,7
MEM,EWR,4
FLL,LAS,9
ICT,ATL,4
PHX,SFO,3
MEM,DEN,4
DCA,EWR,1
PVD,EWR,1
TPA,LAX,9
PBI,BOS,5
RNO,ORD,7
CLT,EWR,3
MFE,DFW,2
PDX,DTW,8
MYR,CLT,1
MEM,ORD,2
PHX,BOS,10
BOS,PHX,10
CVG,EWR,3
ELP,DFW,3
BNA,LAX,8
OKC,ATL,4
SAN,SLC,3
BIL,SLC,2
PSP,ATL,8
ANC,MSP,11
IAD,LGA,1
PVD,CLT,3
OKC,ORD,3
ANC,DTW,11
CLT,DTW,3
MCO,BOS,5
PVD,BWI,2
PNS,CLT,2
ONT,DFW,5
SDF,MSP,3
MIA,LAS,9
MEM,SEA,8
SLC,BOS,9
IAD,IAH,5
ONT,IAH,6
PSP,ORD,7
DTW,JFK,3
PBI,DTW,5
JAN,ATL,2
EWR,CLT,3
JAX,CLT,2
CVG,MCO,4
HNL,MSP,11
OKC,PHX,4
HNL,DTW,11
CVG,DTW,1
HNL,SEA,11
CAK,MCO,4
CVG,MSP,3
BNA,ATL,1
MCI,CLT,4
BNA,LAS,7
MEM,MCO,3
BOI,SLC,2
SYR,CLT,3
RIC,ATL,2
PHF,LGA,2
PHF,MCO,3
PVD,MCO,5
IAD,MCO,4
MCI,SLC,4
BNA,MCO,3
LIT,LAS,6
MSN,DTW,2
HOU,LAX,6
BUF,LAS,8
ORD,SLC,6
TUS,ORD,6
PDX,IAH,8
OAK,ORD,8
MSO,SLC,2
ONT,MSP,6
MHT,MCO,5
CLE,BOS,3
ICT,DFW,2
CLE,MSP,3
SAV,CLT,1
CLE,ORD,2
TUS,ATL,7
BIL,MSP,3
AUS,DEN,4
BHM,DFW,3
RDU,EWR,2
ABQ,ORD,5
PIT,MSP,3
PSC,SLC,3
CMH,MSP,3
CLE,LGA,2
TPA,LGA,5
GTF,SLC,2
RDU,DTW,3
SAT,DTW,5
MLB,ATL,2
BHM,LAS,7
ISP,MCO,4
PDX,DEN,4
DEN,MCO,7
TPA,DEN,7
SDF,BWI,2
MCO,IAH,4
SMF,IAH,7
RNO,DFW,6
SDF,DTW,2
RSW,DTW,5
IAH,LAX,6
CMH,DFW,4
SJU,IAH,9
STL,IAH,3
STL,LAS,6
JAX,DTW,4
SAT,MCO,5
DAY,DTW,1
SMF,DEN,4
BOI,LAS,3
ALB,MCO,5
BWI,DEN,6
FLL,BOS,5
SLC,IAH,5
SHV,ATL,3
DSM,DEN,3
COS,IAH,4
JAN,MCO,3
BNA,MSP,3
GFK,MSP,2
GEG,ORD,6
DCA,MCO,4
BNA,LGA,4
GRB,MSP,2
CAE,ATL,1
OMA,ORD,2
MOB,ATL,2
MSY,DFW,2
COS,MSP,3
RST,ORD,2
GSP,DTW,3
EUG,SFO,2
TUL,DEN,3
ICT,DEN,2
HSV,ATL,1
IAD,MSP,4
BZN,MSP,4
CMH,ORD,2
ABQ,BWI,7
BOI,MSP,5
MDT,ORD,3
BHM,PHX,6
ORF,LAS,9
HDN,EWR,7
HSV,DFW,3
JFK,DFW,6
SAT,BWI,6
PBI,BWI,4
HOU,BWI,5
MAF,LAS,4
IAD,DTW,2
GRB,DTW,2
HDN,DEN,1
TPA,IAH,4
MSY,DTW,4
PIT,DTW,1
BTR,ATL,2
GSO,DTW,2
LSE,MSP,1
HOU,LGA,6
AMA,LAS,4
BNA,DTW,2
BNA,ORD,2
ONT,SLC,3
STL,MSP,2
DAY,DFW,4
GEG,SLC,3
AZO,DTW,1
OMA,DFW,3
STT,CLT,7
MSY,MSP,5
MSO,MSP,5
JFK,MSP,5
DTW,IAH,5
CLE,DFW,5
GSO,ORD,3
RNO,MSP,6
LIT,DFW,2
ALB,DTW,2
BUF,PHX,8
BHM,ATL,1
MCI,MSP,2
JAC,IAH,6
PSP,DFW,5
MBS,MSP,2
SLC,MCO,8
RDU,MSP,4
ALB,BWI,2
BZN,SLC,2
CMH,DEN,5
MCI,EWR,5
STL,DTW,2
PDX,ATL,9
CLE,DTW,1
STL,MCO,4
SRQ,DTW,5
GUC,IAH,4
OAK,SLC,3
SLC,BWI,8
BOI,ORD,6
FCA,MSP,5
OMA,IAH,4
SJU,DTW,8
PBI,IAH,4
PSP,MSP,6
CVG,PHX,7
BZN,DTW,6
RSW,DFW,5
EGE,MSP,4
SAT,SLC,5
ONT,ATL,8
ROC,DTW,2
OMA,LAS,5
RIC,DFW,5
RNO,IAH,7
BOI,SEA,2
MSY,MCO,3
DCA,LGA,1
EGE,IAH,4
MCI,DTW,3
ORF,DFW,5
SDF,DFW,3
BHM,IAH,3
ELP,ORD,5
HOU,LAS,5
MEM,PHX,6
JAC,MSP,4
SJC,SLC,3
FAT,DFW,6
BHM,DTW,3
HPN,DTW,3
STL,SFO,7
LGA,BOS,1
BOS,LGA,1
BUF,MSP,3
SAT,MSP,5
MEM,BOS,5
GSP,ATL,1
JAN,BWI,4
MDT,DTW,2
ABE,DTW,2
CMH,BWI,2
STT,EWR,7
FLL,MSP,6
EWR,SLC,8
JAC,SLC,1
JFK,DTW,3
LIT,BWI,4
PHL,SLC,8
LIT,PHX,5
JFK,IAH,6
STL,LGA,4
JFK,ATL,4
STL,BWI,3
ELP,LAS,3
LGB,ORD,7
MSY,LAS,7
SDF,PHX,7
TUL,PHX,4
LIT,ATL,2
ABQ,SLC,2
FCA,SLC,3
MCI,SEA,6
SLC,EWR,8
RDU,MCO,3
ELP,ATL,6
RDU,BOS,3
HDN,DFW,4
JAC,ORD,5
EGE,DFW,3
EGE,LAX,3
AUS,MCO,4
TPA,BOS,5
HOU,MCO,4
HDN,ORD,5
TPA,MCO,1
EGE,ORD,5
RSW,BOS,5
SJC,DFW,6
LGB,DFW,5
SDF,LAS,7
DCA,BOS,2
ALB,LAS,9
STL,DFW,3
DSM,IAH,4
MCI,DFW,2
ORF,IAH,5
TYS,EWR,3
OKC,EWR,6
DAB,EWR,4
SDF,IAH,4
DRO,IAH,4
STL,EWR,4
DAY,IAH,4
OMA,EWR,5
BHM,MCO,2
STL,SEA,7
CRW,IAH,4
MSY,BWI,4
XNA,IAH,2
CLE,JFK,2
SBP,LAX,1
SAN,LAX,1
SBA,LAX,1
ORF,EWR,2
FAT,LAX,1
MRY,LAX,2
CRP,IAH,1
PSP,LAX,1
RIC,EWR,2
HPN,EWR,1
ALB,EWR,1
AVL,EWR,3
RIC,IAH,5
GSO,EWR,2
BDL,EWR,1
SNA,LAX,1
BHM,EWR,4
BTV,EWR,2
CAE,EWR,3
EWR,BWI,1
CPR,SLC,2
PWM,EWR,2
BWI,EWR,1
SGU,SLC,2
CHS,IAH,4
CDC,SLC,1
ROC,EWR,1
COD,SLC,2
LFT,IAH,1
EKO,SLC,1
ABI,DFW,1
GSP,EWR,3
ACT,DFW,1
GSP,IAH,4
LRD,DFW,2
SPS,DFW,1
FSM,DFW,1
GRR,EWR,3
DSM,EWR,5
LBB,DFW,2
GJT,SLC,1
BTR,DFW,2
TXK,DFW,1
LAW,DFW,1
MKE,EWR,3
SUN,SLC,1
TYR,DFW,1
CLL,DFW,1
IDA,SLC,1
PIH,SLC,1
TWF,SLC,1
MYR,EWR,3
SJT,DFW,1
SGF,DFW,2
SAV,EWR,3
ILE,DFW,1
COS,SLC,2
SYR,EWR,1
AMA,DFW,2
BTM,SLC,2
SDF,EWR,3
GGG,DFW,1
RAP,SLC,3
VCT,IAH,1
BRO,IAH,2
TYS,IAH,4
CHS,EWR,3
MAF,DFW,2
AEX,IAH,1
AMA,IAH,3
JAN,DFW,2
BPT,IAH,1
HRL,IAH,2
BTR,IAH,2
CLL,IAH,1
PSP,SLC,3
PNS,DFW,3
XNA,DFW,2
GSO,DFW,4
DAY,EWR,3
CVG,IAH,4
TYS,DFW,4
CRP,DFW,2
MOB,DFW,3
EFD,IAH,1
TLH,DFW,4
GSP,DFW,4
HOU,DFW,1
GPT,IAH,2
GSO,IAH,4
HSV,IAH,3
MGM,DFW,3
FWA,DFW,4
ICT,IAH,3
GRR,DFW,4
FAT,SLC,3
ILE,IAH,1
JAN,IAH,2
LBB,IAH,2
MTJ,DFW,3
LCH,IAH,1
ELP,SLC,3
MKE,DFW,4
LEX,IAH,4
LRD,IAH,2
MKE,IAH,4
PSP,IAH,6
IAD,EWR,1
CID,DFW,3
TUL,SLC,4
SBA,SLC,3
MAF,IAH,2
BOI,DFW,6
LIT,IAH,2
DSM,SLC,4
AUS,SLC,5
MOB,IAH,2
MLU,IAH,2
TUS,SLC,3
OMA,SLC,4
SHV,IAH,1
TRI,ATL,1
MCN,ATL,1
MEI,ATL,2
EVV,ATL,2
MGM,ATL,1
CHA,ATL,1
CRW,ATL,2
GNV,ATL,2
AGS,ATL,1
GTR,ATL,1
ROA,ATL,2
CSG,ATL,1
PIA,ORD,1
BQK,ATL,1
EVV,ORD,2
LSE,ORD,1
MSN,ORD,1
MYR,ATL,2
MKE,ORD,1
PFN,ATL,1
CHA,ORD,3
SWF,ORD,3
AZO,ORD,1
CAE,IAH,4
VLD,ATL,1
LYH,ATL,2
TYS,ORD,2
GSP,ORD,3
AEX,DFW,2
DHN,ATL,1
GRB,ORD,1
ILM,ATL,2
FAY,ATL,2
JFK,BOS,1
DBQ,ORD,1
LFT,DFW,2
TVC,ORD,1
FLO,ATL,2
BOS,JFK,1
ORF,ORD,3
AVL,ATL,1
PWM,ORD,4
CMI,ORD,1
FWA,ORD,1
SDF,ORD,2
GRR,ATL,3
ABY,ATL,1
MQT,ORD,2
TOL,ORD,1
HTS,ATL,2
MLU,ATL,2
HSV,ORD,3
BGR,LGA,2
SBN,ATL,3
CMH,LGA,2
DAL,ATL,3
VPS,DFW,3
CAE,DFW,4
PWM,LGA,2
HPN,ATL,4
CHS,DFW,4
XNA,ATL,3
RIC,BOS,2
JFK,BWI,1
BWI,JFK,1
ORF,BOS,2
ISP,ATL,4
FWA,ATL,3
CRP,ATL,4
ISP,BOS,1
TOL,ATL,3
ABE,ATL,3
BNA,BOS,4
BGR,BOS,1
MDT,ATL,3
PIA,ATL,3
MLU,DFW,2
PIT,JFK,2
HPN,BOS,1
SWF,ATL,4
PWM,BOS,1
SAV,DFW,4
DSM,ATL,3
CMH,BOS,3
ALB,JFK,1
BDL,JFK,1
IAD,JFK,1
EYW,ATL,3
RDU,JFK,2
PVD,JFK,1
BFL,LAX,1
CLD,LAX,1
IPL,LAX,1
IYK,LAX,1
VIS,LAX,1
ONT,LAX,1
BTV,BOS,1
CAE,BOS,4
OXR,LAX,1
CVG,CLT,2
SMX,LAX,1
YUM,LAX,1
RAP,DEN,2
MTJ,DEN,1
GJT,DEN,1
DRO,DEN,2
SMF,SFO,1
ACV,SFO,2
BFL,SFO,1
CEC,SFO,2
CIC,SFO,1
FAT,SFO,1
MOD,SFO,1
MRY,SFO,1
RDD,SFO,1
RDM,SFO,2
SBA,SFO,2
SBP,SFO,1
PDX,SEA,1
FAT,LAS,2
PSP,LAS,1
SGU,LAX,2
PSC,SEA,1
BOI,SFO,3
FAT,DEN,4
BZN,DEN,3
MSO,DEN,3
BNA,DEN,5
ELP,DEN,3
FAR,DEN,3
PSC,DEN,4
PSP,DEN,4
SGF,DEN,3
SBA,DEN,4
SBN,ORD,1
COS,ORD,4
MLI,ORD,1
BMI,ORD,1
JAX,ORD,4
FSD,ORD,2
MBS,ORD,1
ICT,ORD,3
LEX,ORD,2
SAV,ORD,4
CHS,ORD,4
LAN,ORD,1
ABE,ORD,3
BHM,ORD,3
CRW,ORD,2
CAE,ORD,3
FAR,ORD,3
SGF,ORD,2
AVP,ORD,3
ROA,ORD,3
CAK,ORD,2
LGB,PHX,2
SAN,BOS,11
LAS,CLT,8
CLT,LAS,8
RDU,LAS,9
STT,BOS,7
ABE,CLT,2
DSM,MSP,1
EGE,SFO,4
EGE,EWR,7
MCI,LGA,5
LEX,EWR,3
HNL,PHX,11
ORD,JFK,3
BMI,MCO,4
FNT,MCO,5
OGG,PHX,11
DAY,MCO,4
JAC,ATL,7
SJU,MSP,10
OKC,LAS,4
MTJ,EWR,8
KOA,DEN,11
GUC,DEN,1
HNL,DEN,11
OKC,BWI,5
JAC,DFW,5
RSW,LGA,5
EGE,LGA,7
JFK,ORD,3
MTJ,ORD,5
CID,MSP,1
XNA,LGA,5
PIA,DEN,4
MFR,DEN,4
SJC,BWI,10
JFK,EWR,1
OKC,MCO,5
AEX,ATL,3
DCA,SLC,8
LEX,DFW,4
CHO,ATL,2
ACY,BOS,2
PFN,DFW,3
DAB,DFW,4
LFT,ATL,3
GPT,DFW,3
MLB,DFW,5
PIE,SFO,10
PIE,LAX,9
ROC,MSP,4
JAC,EWR,8
ROA,CLT,1
GSP,CLT,1
AUS,DTW,5
MSN,EWR,4
AGS,EWR,3
AGS,IAH,4
CAK,LGA,2
PIE,LAS,8
IAD,BWI,1
MLI,DEN,4
EUG,DEN,4
STX,CLT,7
TLH,IAH,3
MTJ,SLC,2
LNK,DEN,2
IND,SFO,8
OGG,ORD,11
SNA,JFK,10
TVC,DTW,1
MEM,BWI,4
SAV,IAH,4
PHL,EWR,1
PHL,JFK,1
FSD,DEN,2
CID,DEN,3
LNK,ORD,2
FNT,MSP,2
AGS,CLT,1
MYR,DTW,3
PWM,DTW,3
SDF,CLT,2
VPS,IAH,3
LWB,ATL,2
DAL,DFW,1
XNA,EWR,5
ANC,DEN,10
BIS,DEN,3
LGB,ATL,8
ANC,IAH,11
FAI,MSP,10
SEA,MCO,11
MCO,SEA,11
ANC,DFW,11
ANC,ATL,11
XNA,DTW,3
MHT,MSP,5
MLI,MCO,5
TVC,MSP,2
CLT,SEA,10
SIT,SEA,4
SAN,CLT,9
SEA,CLT,10
ANC,SFO,9
ANC,EWR,11
CLE,SEA,9
OAK,EWR,11
WYS,SLC,2
BDL,IAH,7
AVL,IAH,4
MKE,BWI,3
RNO,DTW,8
OKC,DTW,4
ACK,EWR,1
CYS,DEN,1
OGG,IAH,11
MKE,LAS,7
MKE,LAX,8
MKE,BOS,4
MKE,LGA,3
GTR,DFW,2
SAN,BWI,10
TVC,LGA,3
CPR,DEN,1
HNL,ATL,11
ACT,IAH,1
XNA,LAX,6
TYR,IAH,1
RSW,MCO,1
IDA,DEN,2
ABI,IAH,2
OMA,DTW,3
SBN,MSP,2
SBN,DTW,1
SJC,SFO,1
MHT,LAS,10
BDL,LAS,10
SJT,IAH,2
GRR,IAH,5
TXK,IAH,2
SMX,SFO,1
GEG,LAX,4
HNL,LAS,11
OGG,SEA,11
MSY,BOS,6
LIT,ORD,3
PVD,DFW,7
HSV,EWR,4
TUL,EWR,5
EYW,MCO,2
SJU,LGA,7
LGB,SEA,4
TUS,DTW,7
TUS,EWR,9
GRR,MCO,5
SRQ,IAH,4
HDN,SLC,2
MCN,DFW,4
EGE,CLT,6
SJU,LAX,11
GUC,EWR,7
HDN,ATL,6
GSO,LGA,2
ORF,JFK,2
BHM,LGA,4
CAE,LGA,3
ATW,ATL,4
CHS,LGA,3
PBI,MCO,1
MHT,LGA,1
RIC,LGA,2
AVP,ATL,3
BNA,JFK,4
JAX,LGA,4
JAX,JFK,4
HSV,MCO,3
GSO,MCO,3
SAV,LGA,3
LEX,LGA,3
TYS,LGA,3
TLH,MCO,1
MYR,ORD,4
MYR,LGA,3
MYR,BOS,3
EGE,DEN,1
TYS,DTW,2
SLC,DTW,6
DTW,SLC,6
TUS,SFO,4
LGB,BOS,11
SFO,LGA,11
LGA,SFO,11
GEG,LAS,4
MDW,SLC,6
MYR,DFW,5
DAY,BWI,2
SRQ,MSP,6
FLL,DEN,7
SYR,MCO,5
DLH,ORD,2
SMF,JFK,11
BWI,LGA,1
BHM,DEN,5
GSP,MCO,2
OKC,MSP,3
BFL,IAH,6
CAE,MCO,2
GSP,LGA,3
AZO,MSP,2
SBA,DFW,6
AGS,LGA,3
OAK,BWI,10
AGS,JFK,3
BDL,BOS,1
PIE,LGA,5
EUG,SLC,3
SMF,EWR,11
OAK,BOS,11
ABQ,EWR,8
PHF,JFK,2
BPT,DFW,2
BQN,JFK,7
CHS,JFK,3
SAV,JFK,3
ANC,PHX,11
COD,DEN,2
CAK,BOS,3
PHF,BOS,2
XNA,MSP,3
DCA,LAX,10
BTV,DTW,3
CLE,SLC,7
LEX,DTW,2
STT,LGA,7
MDT,MCO,4
MLI,LAS,6
LIT,EWR,5
OGD,SLC,1
PVU,SLC,1
BOI,IAH,6
GSO,JFK,2
DCA,DEN,6
GSO,BOS,3
ONT,BOS,11
KOA,SEA,11
PIA,DFW,3
GRK,DFW,1
GRK,IAH,1
ISP,LAS,10
HOU,EWR,6
BWI,SEA,10
SEA,BWI,10
PVD,LAS,10
PSP,PHX,2
TYS,MCO,3
MHT,JFK,1
CDC,LAX,2
AUS,SFO,7
XNA,DEN,3
LIT,MSP,3
BUF,LGA,2
CHS,MCO,2
ANC,LAS,10
PIE,MCO,1
APF,ATL,3
ICT,MCO,5
FLL,SLC,9
IND,JFK,3
TPA,SLC,8
RNO,ATL,8
PVD,BOS,1
KOA,ORD,11
MTJ,LAX,3
SRQ,BWI,4
GUC,DFW,3
RNO,EWR,10
GUC,ATL,6
HLN,DEN,3
BHM,JFK,4
RIC,JFK,2
MSY,SLC,6
ABQ,SFO,4
SRQ,MCO,1
YUM,PHX,1
ICT,SLC,4
BUR,SLC,3
XNA,SLC,5
LWS,SLC,2
LIT,SLC,5
BPT,ATL,3
TLH,JFK,4
JFK,CLT,3
CLT,JFK,3
MLB,JFK,4
PNS,JFK,5
BUR,ATL,8
JAX,BOS,5
JAX,LAX,9
COS,SFO,4
SAV,DTW,3
RDM,SLC,3
MFR,SLC,3
STX,ATL,7
ISO,ATL,2
SAT,SFO,6
CMI,DFW,3
CHS,DTW,3
MKE,DEN,4
RSW,DEN,7
OGG,SLC,11
HKY,ATL,1
MGM,IAH,3
GTF,DEN,3
FAI,SLC,9
PDX,JFK,10
BUR,JFK,10
TUP,ATL,2
LEX,MCO,3
PFN,MCO,2
BOI,ATL,8
RDU,SLC,8
MRY,DEN,4
RAP,ORD,4
IND,SEA,8
BGR,EWR,2
EVV,DFW,3
MSN,DFW,4
MLI,DFW,3
TOL,DFW,4
TVC,DFW,5
GRB,DFW,4
PNS,ORD,4
GRR,LGA,3
RST,DFW,4
OMA,MCO,5
SDF,JFK,3
CAK,DEN,5
PSE,JFK,7
FCA,PHX,5
BFL,SLC,3
SGF,SLC,5
RIC,MCO,3
ROC,DFW,6
CHA,DFW,3
MRY,SLC,3
SYR,DFW,6
FNT,LAS,7
CAK,LAS,8
LAN,ATL,3
BDL,LAX,11
ONT,SFO,2
BTR,ORD,4
AZO,ATL,3
BTR,EWR,5
CHA,IAH,3
MSN,DEN,4
CAE,JFK,3
SBN,EWR,3
DSM,LAS,5
MSN,LAS,6
GRR,LAS,7
FAR,LAS,5
FSD,LAS,5
SPI,ORD,1
ATW,ORD,1
CWA,ORD,1
TUL,MCO,5
AVP,LGA,1
ACY,JFK,1
ACY,LGA,1
SRQ,LGA,5
BTV,LGA,2
SRQ,BOS,5
AVP,JFK,1
ALB,BOS,1
MSN,ATL,3
MKE,SLC,5
SGF,ATL,3
CMH,JFK,2
BTR,LGA,5
BTV,ATL,4
BDL,SLC,9
GRB,ATL,4
SLC,LGA,8
LGA,SLC,8
SGF,MSP,3
FNT,ORD,1
OGG,ATL,11
KOA,SLC,11
BZN,ATL,7
MIA,SLC,9
HPN,JFK,1
CAK,CLT,2
TLH,CLT,2
LEX,CLT,2
MGM,CLT,2
CAE,CLT,1
CHO,CLT,1
CRW,CLT,1
CHA,CLT,1
GNV,CLT,2
XNA,CLT,4
AVL,CLT,1
JAN,CLT,3
LIT,CLT,3
HSV,CLT,2
MOB,CLT,3
GJT,PHX,2
FAT,PHX,2
ICT,PHX,4
SBP,PHX,3
MRY,LAS,2
BIL,PHX,4
SBA,LAS,2
DSM,PHX,5
DRO,PHX,2
SBA,PHX,2
COS,LAS,3
FLG,PHX,1
BFL,PHX,2
SBP,LAS,2
MFR,PHX,4
ASE,PHX,2
CLD,PHX,2
BIL,LAS,4
BFL,LAS,1
FSD,PHX,5
EUG,PHX,4
TEX,PHX,2
MFR,LAS,3
MRY,PHX,3
EUG,LAS,3
ASE,DEN,1
FAY,CLT,1
OAJ,CLT,1
TRI,CLT,1
TYS,CLT,1
MSN,LGA,4
PHF,CLT,2
ABE,LGA,1
AUS,JFK,7
AUS,BOS,7
MEM,SLC,6
TYS,DEN,5
DAB,ORD,4
MFE,ATL,4
GPT,LGA,5
OGG,LAS,11
LIH,PHX,11
SAV,MCO,2
KOA,PHX,11
MDT,LGA,1
RFD,DEN,4
SAV,BOS,4
HPN,MCO,4
JFK,LGA,1
GPT,MCO,2
BQN,MCO,5
BOI,LAX,3
ABE,JFK,1
PWM,JFK,2
PSE,EWR,7
LGA,LAS,9
PWM,CLT,4
RDU,LAX,9
BLI,SLC,4
FAR,SLC,4
BGR,ATL,5
ERI,ATL,3
BGM,ATL,3
CMI,ATL,2
CHS,BOS,4
MOD,LAX,2
BZN,ORD,5
FSD,SLC,4
ASE,SLC,2
ACY,ATL,3
CID,ATL,3
ASE,LAX,3
LGA,LAX,10
LAX,LGA,10
RDM,DEN,4
BIL,ORD,5
MSO,ORD,6
TVC,ATL,4
SWF,LGA,1
DSM,LGA,5
LAS,LGA,9
ABI,LAX,5
SOP,ATL,2
HOU,JFK,6
DAY,DEN,5
ILG,ATL,3
BUR,MCO,9
BUF,BOS,2
AMA,PHX,3
DRO,SLC,2
ROC,BOS,2
HOU,DEN,4
MDW,JFK,3
FSD,ATL,4
BNA,SLC,6
JAN,ORD,3
OKC,LAX,5
GRR,DEN,5
GRK,ATL,4
MDT,DFW,5
DAY,BOS,3
SRQ,JFK,5
TUS,JFK,9
EWR,JFK,1
ACY,MCO,4
AUS,SEA,8
MFE,LAX,6
MFE,MCO,5
SYR,LGA,1
OAJ,ATL,2
LGA,JFK,1
ASE,ORD,5
CMH,SLC,7
TTN,ATL,3
TTN,BOS,1
ASE,SFO,4
SWF,MCO,4
DSM,DTW,3
DAB,LGA,4
MLB,LGA,4
MTJ,ATL,6
CID,DTW,2
SWF,JFK,1
SUX,MSP,1
ATW,DTW,2
CWA,DTW,2
ATW,MSP,1
AVL,MSP,4
BGM,DTW,2
ERI,DTW,1
TUL,DTW,4
AVP,DTW,2
ROA,DTW,2
BGR,DTW,4
FWA,DTW,1
LNK,DTW,3
HSV,DTW,3
AVL,DTW,2
MLI,DTW,2
RST,DTW,2
CWA,MSP,1
JAN,DTW,4
CMX,MSP,2
LNK,MSP,2
HLN,MSP,4
IDA,MSP,4
HPN,MSP,5
CPR,MSP,3
IND,BOS,4
MDT,JFK,1
GSO,MSP,4
ALB,MSP,4
TYS,MSP,4
MLI,MSP,2
ICT,MSP,3
DAY,MSP,3
ORF,MSP,5
RIC,MSP,4
TUL,MSP,3
EVV,DTW,2
LIT,DTW,3
CAE,DTW,3
SGF,DTW,3
CAK,DTW,1
DLH,DTW,3
SHV,DTW,4
ELM,DTW,2
SWF,DTW,2
SCE,DTW,2
PLN,DTW,1
MDT,MSP,4
RHI,MSP,1
ALO,MSP,1
ALB,LGA,1
PBI,LAS,9
HSV,DEN,5
DAB,BWI,3
MTH,ATL,3
EAU,MSP,1
HDN,LGA,7
MYR,MSP,5
SAV,MSP,5
CHS,MSP,5
MSY,SEA,9
SLC,CLT,7
PIT,SLC,7
CLT,SLC,7
BDL,DEN,7
HHH,ATL,1
MHT,BOS,1
PIA,MSP,2
MOB,ORD,4
SHV,ORD,3
PNS,MCO,2
RDU,DEN,6
SDF,SLC,6
SDF,DEN,5
SDF,LGA,3
SDF,LAX,8
SDF,BOS,4
EWN,ATL,2
PMD,LAX,1
ACK,JFK,1
PSE,MCO,5
PDX,CLT,10
YUM,LAS,1
ACY,BWI,1
OGG,DEN,11
PWM,BWI,2
INL,MSP,2
YKM,SLC,3
SLE,SLC,3
BHM,SLC,6
FSM,ATL,3
BJI,MSP,1
BTV,MSP,4
LIT,MCO,4
FCA,DEN,4
PMD,SFO,2
PWM,MSP,5
SCE,ATL,3
BGM,JFK,1
PWM,MCO,5
FCA,ATL,8
BGR,MSP,5
TRI,MCO,3
BIL,SFO,4
FCA,ORD,6
BZN,SFO,4
MLB,MCO,1
SBP,SLC,3
RIC,BWI,1
JAX,DEN,6
SAN,MCO,9
EUG,LAX,3
ICT,LAX,5
TTN,JFK,1
BMI,LAS,6
ROC,LAS,9
DAY,LAS,7
PIA,DTW,2
ABE,BWI,1
MHT,PHX,10
ROW,DFW,2
VPS,ORD,4
BFL,DEN,4
JAN,EWR,5
FNT,DFW,5
HSV,LGA,4
PDX,MCO,11
PDX,BOS,11
TTN,LGA,1
LIH,SEA,11
AMA,DEN,2
FNT,LGA,3
PBI,DEN,7
PIR,MSP,2
GPT,ORD,4
JAC,LAX,4
YUM,SLC,3
LIH,DEN,11
HDN,JFK,7
VPS,LGA,5
GJT,ORD,5
BTV,MCO,5
BTR,DEN,4
GRB,DEN,4
DSM,LAX,6
DAB,CLT,2
ASE,ATL,6
LAW,ATL,4
GJT,LAX,3
RKS,DEN,2
GCC,DEN,2
GJT,DFW,4
CRW,DTW,2
AVL,MCO,2
ICT,DTW,4
FWA,MSP,2
AUS,CLT,5
SAT,CLT,5
MKE,SEA,7
MKE,SFO,8
JAX,LAS,8
BTV,BWI,2
ROA,BWI,1
SMF,CLT,9
TUS,CLT,7
ACV,SLC,3
BGR,JFK,2
TUL,LAX,6
TVC,DEN,5
CHA,DTW,3
CPR,ORD,4
SWF,BOS,1
DAB,MCO,1
FCA,SFO,4
GTF,ORD,5
MSO,SFO,4
BZN,LAX,4
DAL,ORD,4
CID,LGA,4
RKS,SLC,1
GCC,SLC,2
OTH,SFO,2
LMT,SFO,2
MDT,BWI,1
ITH,DTW,2
LGB,SFO,2
BMI,DFW,3
LIT,DEN,4
GUC,SLC,2
EGE,JFK,7
GUC,ORD,5
MBS,LGA,3
AVP,CLT,3
TOL,DTW,1
BMI,DTW,2
ATW,DEN,4
MCI,JFK,5
CRW,LGA,2
OMA,LGA,5
CHO,DTW,2
FSD,DTW,3
MKE,JFK,3
BKG,ATL,3
CDV,SEA,6
BMI,MSP,2
LSE,DTW,2
LNK,SLC,4
LNK,ATL,4
MWH,SEA,1
PSC,SFO,3
GEG,SFO,3
AVL,LGA,3
IND,SLC,6
BIS,SLC,3
BIS,ORD,3
LCH,DFW,2
BRO,DFW,2
SAF,DFW,3
BIL,ATL,7
BLI,LAS,4
CRW,MCO,3
ABE,MCO,4
LGA,BWI,1
MHK,DFW,2
ROW,LAX,4
BHM,MSP,4
CMI,DTW,2
MCI,SFO,6
FLL,SFO,11
SAF,LAX,3
HNL,CLT,11
MAF,DEN,3
AVL,ORD,3
EGE,DTW,5
BKG,MCO,4
BHM,LAX,8
MDT,EWR,1
TRI,DTW,2
PAH,ORD,2
MKG,ORD,1
CMX,ORD,2
EAU,ORD,2
DSM,MCO,5
SWF,EWR,1
RAP,DFW,4
ORF,LGA,2
SMF,DTW,9
FSD,DFW,3
AVL,DFW,4
VPS,CLT,2
PHF,DEN,7
GRR,BWI,3
MOT,SLC,3
UTM,ATL,2
LGB,DEN,4
FAI,DEN,10
ECP,MCO,2
ECP,BWI,4
ECP,ATL,1
HSV,BWI,3
MOT,DEN,3
FAY,DFW,5
AGS,DFW,4
LWB,LGA,2
MEM,JFK,4
PSC,MSP,6
TRI,ORD,2
CSG,DFW,3
CYS,DFW,3
MQT,DTW,2
LEX,MSP,3
SAT,JFK,7
BKG,DEN,3
MQT,MSP,2
TOL,MSP,3
LWB,JFK,2
ABR,MSP,2
MHK,ORD,3
MMH,SFO,1
ASE,IAH,4
GSP,BWI,2
CHS,BWI,2
LBB,DEN,2
DAL,DEN,3
SPI,DFW,3
CID,IAH,4
GJT,IAH,4
FAT,SEA,3
SBA,SEA,4
MVY,JFK,1
BKG,BWI,4
FAT,MSP,6
ITO,LAX,10
DRO,DFW,3
GRI,DFW,3
CHO,ORD,3
IDA,SFO,3
ITO,SFO,10
BGM,ORD,3
HOB,IAH,3
ILM,ORD,4
OKC,SFO,6
MCI,BOS,6
ROW,SLC,3
MHT,DEN,7
BKG,PHX,5
STT,ORD,9
ART,ORD,3
ASE,DFW,3
PVD,DEN,7
JLN,DFW,2
TUS,BWI,8
LGA,PHX,9
PHX,LGA,9
ALO,ORD,1
SUX,ORD,2
GCK,DFW,2
OMA,SFO,6
DCA,SFO,10
ACK,BOS,1
COS,SEA,5
MDT,DEN,6
BLI,DEN,5
MSN,MCO,5
HOU,SEA,8
HNL,JFK,11
RAP,IAH,5
COU,ATL,3
BZN,EWR,8
DRT,IAH,2
JAC,SFO,3
ROC,LGA,2
FLL,SEA,11
RDU,SFO,10
SHV,DEN,4
OMA,CLT,4
APN,DTW,1
APN,MSP,2
SYR,MSP,4
SAT,SEA,8
ESC,DTW,2
BRD,MSP,1
HIB,MSP,1
SYR,BOS,2
GFK,DEN,3
MSN,IAH,4
SBN,DEN,4
SRQ,ORD,5
LAR,DEN,1
ISN,DEN,3
ISN,MSP,3
AZA,DEN,3
COS,MCO,7
TTN,MCO,4
COU,MCO,4
SHD,MCO,3
IMT,MSP,2
PSP,JFK,10
EYW,LGA,5
HDN,LAX,4
JFK,FLL,5
SEA,ANC,6
IAH,HNL,11
JFK,BUF,2
SEA,DCA,10
SEA,IAD,10
DFW,HNL,11
SEA,GEG,1
IAH,MSY,2
IAH,MIA,4
DFW,OGG,11
BOS,PIT,2
LAX,PIT,9
LAX,PHL,10
EWR,HNL,11
SEA,MIA,11
JFK,ROC,2
ATL,MDW,3
JFK,TPA,5
ATL,TPA,2
LAX,HNL,11
LAX,LIH,11
SFO,LIH,10
JFK,PBI,5
SFO,OGG,10
SFO,KOA,10
LAX,OGG,10
SFO,HNL,10
CLT,TPA,3
ORD,SAN,7
DEN,PHL,7
PHX,DCA,8
EWR,MIA,5
LAS,DCA,9
CLT,DCA,2
BOS,IAD,2
LAX,KOA,11
SFO,PHL,11
JFK,BTV,2
ATL,GSO,2
CLT,FLL,3
ATL,IAD,3
DFW,AUS,1
JFK,RSW,5
SEA,KTN,3
LAX,CLE,9
JFK,SYR,1
DFW,MIA,5
ATL,FLL,3
ORD,HNL,11
MCO,CMH,4
SFO,PIT,10
LAX,IAD,10
SEA,JNU,4
BWI,FLL,4
JFK,MSY,5
LAS,TUS,2
CLT,MIA,3
JFK,CVG,3
JFK,OAK,11
JFK,ONT,10
SEA,SAN,5
PHX,PIT,8
BWI,BNA,3
ORD,SJC,8
ORD,PHL,3
ATL,RDU,2
MSP,MSN,1
LGA,IND,3
SFO,PDX,3
IAH,BNA,3
LAX,IND,8
LAX,ANC,10
SEA,PHL,10
BWI,PVD,2
ATL,CAK,3
IAH,STL,3
LAX,MDW,8
ORD,CLE,2
MCO,MCI,5
MSP,MKE,2
SEA,FAI,7
EWR,BQN,7
LAX,SJC,2
LAX,BNA,8
LAX,SMF,2
EWR,MSY,5
SEA,PIT,9
MSP,SNA,7
CLT,RIC,2
LAX,CVG,8
IAH,SMF,7
PHX,MKE,6
EWR,CLE,2
JFK,SAN,10
LAS,SJC,2
MSP,GFK,2
DEN,PIT,6
ORD,ANC,11
LAS,SNA,1
LGA,PIT,2
BWI,MCI,4
SFO,MDW,8
LAX,RNO,2
MSP,OMA,2
IAH,DAL,1
BWI,ISP,1
ATL,BMI,3
SEA,OAK,3
MCO,MSY,3
PHX,SAN,2
ORD,MIA,5
PHX,STL,6
BOS,MDW,4
MSP,DCA,4
ATL,MSY,2
IAH,DCA,5
LAS,LBB,4
PHX,PHL,9
CLT,PHL,2
BWI,RDU,2
PHX,SAT,4
SEA,BNA,8
BOS,PHL,2
PHX,ABQ,2
CLT,SJU,6
ATL,SAN,8
ATL,RSW,3
LAX,MEM,7
IAH,ELP,3
IAH,SAT,1
LGA,PBI,5
SLC,MCI,4
MSP,IND,3
MSP,MDW,2
PHX,OMA,5
MSP,DLH,1
LAX,SAT,5
SFO,IAD,10
MSP,SAN,7
ATL,DAY,2
MSP,CLE,3
MSP,SJC,7
LAS,SAN,2
SFO,PSP,2
SLC,ANC,9
IAH,IND,4
EWR,FLL,5
BWI,BDL,2
CLT,ILM,1
DFW,CVG,4
DTW,SJC,9
LGA,MDW,3
JFK,LGB,10
ATL,STL,2
ATL,SJC,9
SEA,SMF,3
ORD,PIT,2
CLT,IAD,2
MCO,JAN,3
ATL,EGE,6
ATL,CVG,2
EWR,PVD,1
EWR,TPA,4
CLT,GSO,1
PHX,AUS,4
MCO,IAD,4
ATL,ALB,4
SLC,HNL,11
LAS,IAD,9
BWI,MHT,2
DTW,STL,2
DTW,DCA,2
LAX,ABQ,3
SLC,PDX,3
SLC,LGB,3
JFK,SJC,11
ATL,ORF,3
ATL,FNT,3
IAH,AUS,1
PHX,TUS,1
ATL,PBI,3
PHX,IAD,8
LAX,MIA,10
ATL,PHF,3
DTW,AZO,1
PHX,MDW,6
CLT,PNS,2
ATL,HOU,3
ORD,PBI,5
ATL,PIT,3
DTW,FLL,5
CLT,CHS,1
MCO,SJU,5
MCO,PHL,4
ATL,TUL,3
MCO,PIT,4
ATL,SJU,7
SLC,OAK,3
CLT,CMH,2
SLC,CVG,6
DTW,GRR,1
IAH,RDU,5
ORD,BTV,4
IAH,MCI,3
ATL,STT,7
CLT,MDT,2
ATL,GSP,1
ORD,GSO,3
LAS,PHL,9
ORD,BUF,2
LAX,AUS,5
LAX,OAK,2
LGA,FLL,5
ATL,SDF,2
LGA,MEM,4
BOS,SJC,11
BWI,PIT,1
SFO,MEM,8
DTW,SAN,8
DTW,PBI,5
EWR,MDW,3
SFO,SNA,2
EWR,RSW,5
DTW,CLE,1
IAH,TUS,4
DTW,IND,1
CLT,JAX,2
DTW,MEM,3
LAS,LGB,1
PHX,SJC,3
LAX,PDX,4
CLT,MHT,3
DTW,BDL,3
DTW,BUF,1
LAS,BUR,1
IAH,SAN,6
DFW,MDW,4
SEA,SJC,3
SFO,SAN,2
ORD,MSY,4
LAX,STL,7
DFW,ABQ,3
PHX,MSY,6
BWI,JAN,4
ORD,IND,1
ATL,MIA,3
PHX,CMH,7
DEN,SNA,4
DEN,OMA,2
MCO,MDW,4
BOS,MIA,6
DFW,BDL,6
DEN,BIL,2
ATL,ELP,6
CLT,MSY,3
DEN,SAN,4
BWI,BUF,2
ATL,PHL,3
DFW,BNA,3
LAS,MCI,5
CLT,MKE,3
ORD,CID,1
BWI,CVG,2
SFO,CVG,9
CLT,BHM,2
ORD,AUS,4
ATL,MEM,2
IAH,TUL,2
DFW,PIT,5
DEN,MIA,7
CLT,MDW,3
IAH,MTJ,4
ATL,OAK,9
ATL,MHT,4
LAS,ABQ,2
LAX,MSY,7
ORD,PDX,7
MCO,STL,4
EWR,CMH,2
DEN,SMF,4
DFW,SNA,5
ORD,SYR,3
BWI,CLE,2
LAS,ONT,1
ATL,MCI,3
DFW,PHL,6
DFW,PDX,7
DEN,JAC,2
DEN,IAD,6
DFW,SAN,5
LAS,CMH,8
DEN,PDX,4
SFO,MSY,8
ATL,MOB,2
DEN,COS,1
PHX,PVD,10
ATL,MLI,3
DFW,BHM,3
IAH,PHL,6
SLC,BOI,2
DEN,MDW,4
ATL,DCA,3
DTW,MCI,3
DFW,IAD,5
ORD,SNA,7
SFO,MFR,2
DEN,RNO,4
EWR,SNA,10
DEN,OAK,4
DTW,MHT,3
DTW,SNA,8
PHX,OAK,3
EWR,PIT,2
MSP,SMF,7
ORD,GRR,1
DFW,RSW,5
BOS,SJU,7
LAS,IND,7
BWI,MDW,3
MSP,PIT,3
CLT,PBI,3
SEA,ONT,4
PHX,COS,3
BWI,TPA,4
PHX,IND,6
MSP,FSD,1
JFK,STL,4
ATL,CMH,2
DEN,SJC,4
IAH,PIT,5
ORD,STL,2
CLT,SRQ,3
PHX,ELP,2
IAH,HDN,4
JFK,MIA,5
ATL,PNS,2
SEA,SNA,4
DEN,ABQ,2
CLT,PIT,2
ORD,PVD,4
CLT,MCI,4
DEN,TUS,3
MSP,TPA,6
SEA,BUR,4
MSP,GEG,5
MCO,IND,4
MSP,HDN,4
ORD,ELP,5
ORD,ROC,3
ATL,AUS,4
IAH,MFE,2
BWI,ROC,2
DFW,ONT,5
MSP,MEM,3
SFO,MIA,11
PHX,MCI,5
ATL,PVD,4
CLT,IND,2
LAS,TPA,8
MSP,LSE,1
ORD,MCI,2
MCO,FLL,1
ATL,MLB,2
DEN,STL,4
LAS,CLE,8
EWR,SAT,7
ATL,COS,5
DTW,GRB,2
DFW,ORF,5
DTW,ALB,2
ATL,BUF,3
ATL,TLH,1
EWR,SJC,11
CLT,BDL,3
DTW,MKE,1
DEN,MCI,3
ORD,TPA,5
IAH,SJC,7
MCO,MIA,1
PHX,BUR,2
DTW,MSN,2
BWI,RSW,4
DTW,MBS,1
SLC,GTF,2
DEN,ONT,4
DFW,FLL,5
DFW,MFE,2
DEN,AUS,4
EWR,PDX,10
DTW,TPA,4
DFW,SAT,1
MCO,DCA,4
ORD,OAK,8
DEN,CVG,5
MCO,BUF,5
ORD,TUL,3
BWI,MIA,4
BWI,SDF,2
PHX,TPA,8
DEN,IND,4
DFW,BUF,5
ATL,SMF,9
MSP,MOT,2
DFW,ELP,3
ATL,SRQ,2
JFK,SJU,7
MSP,FAR,1
DTW,PHL,2
EWR,JAX,4
CLT,ORF,2
DFW,TPA,4
BWI,PBI,4
ATL,JAX,2
SEA,PSP,4
DFW,MEM,2
DFW,COS,3
LAS,HOU,5
ORD,BNA,2
PHX,RNO,3
LAS,MEM,6
LAS,OAK,2
EWR,BUF,2
DFW,RIC,5
DTW,BNA,2
DEN,HDN,1
LAS,RNO,2
PHX,CLE,7
ORD,CMH,2
CLT,RDU,1
DTW,LAN,1
IAH,SNA,6
ORD,MDT,3
LGA,TPA,5
LAS,SMF,2
DTW,MDW,1
MSP,JAX,5
ORD,RDU,3
ORD,CVG,2
LAS,BOI,3
DFW,SDF,3
IAH,OKC,2
MSP,GRR,2
LAS,MIA,9
MCO,ABQ,7
ATL,DAB,2
PHX,MIA,8
LAS,SAT,5
BWI,ORF,1
MCO,RDU,3
MSP,TUS,6
MSP,BDL,5
BOS,CVG,4
MSP,MIA,7
DFW,DCA,5
ORD,FLL,5
ORD,SMF,8
DFW,SMF,6
ORD,BDL,4
SLC,IAD,8
ATL,ROC,3
PHX,GEG,5
SLC,GEG,3
ORD,XNA,3
ATL,BNA,1
MSP,PDX,6
MCO,ROC,5
ORD,DSM,2
ATL,MKE,3
DFW,BUR,5
LAS,PDX,4
MSP,STL,2
SEA,RNO,3
DFW,SJU,9
ORD,DCA,3
ORD,ABQ,5
ATL,LIT,2
LAS,PIT,8
LAS,CVG,7
MSP,PHL,4
IAH,PDX,8
DFW,RNO,6
ORD,HPN,3
MSP,ABQ,4
EWR,IND,3
DFW,ICT,2
SLC,OKC,4
LAX,MCI,6
IAH,MEM,2
MCO,CVG,4
DFW,FAT,6
PHX,SMF,3
PHX,ONT,2
MSP,RSW,6
BWI,PHL,1
EWR,RDU,2
ATL,GPT,2
PHX,SNA,2
EWR,PBI,5
JFK,STT,7
EWR,SJU,7
IAH,RSW,4
LGA,RDU,2
ORD,OMA,2
MCO,MKE,5
PHX,BOI,3
MCO,ALB,5
ATL,SAT,4
PHX,TUL,4
CLT,MYR,1
IAH,GUC,4
MSP,RST,1
DFW,PSP,5
IAH,CMH,4
LAX,CMH,8
DTW,PVD,3
DTW,IAD,2
CLT,MEM,3
IAH,TPA,4
DEN,SAT,4
MSP,IAD,4
PHX,PDX,5
SFO,BUR,2
MSP,GTF,4
MSP,AUS,5
ATL,CLE,3
LAS,MDW,7
IAH,IAD,5
EWR,CVG,3
ATL,HSV,1
DEN,TPA,7
LGA,MSY,5
DEN,CLE,5
ORD,RNO,7
DFW,OAK,6
PHX,RDU,8
DTW,SYR,2
MSP,BIS,2
BWI,SAT,6
DEN,ICT,2
ORD,RSW,5
CLT,BUF,3
ORD,RST,2
MCO,ORF,3
SEA,TUS,5
LGA,PHL,1
ATL,BDL,4
SLC,ABQ,2
EWR,HDN,7
CLT,SYR,3
ATL,BHM,1
CLT,STL,3
ATL,CAE,1
LAX,ELP,3
SFO,RNO,1
ATL,IND,2
ORD,PSP,7
EWR,MEM,4
ATL,RIC,2
ATL,ICT,4
DEN,MEM,4
EWR,DCA,1
LAX,TPA,9
BOS,PBI,5
DTW,PDX,8
DFW,CMH,4
DFW,TUS,4
DFW,RDU,5
PHX,LGB,2
ATL,PWM,5
CLT,CLE,2
SLC,SAT,5
SLC,SNA,3
SLC,RNO,2
DFW,OKC,1
MSP,ANC,11
LGA,IAD,1
ORD,IAD,3
DTW,ANC,11
EWR,BNA,3
LGA,MIA,5
BWI,ALB,2
MSP,MSY,5
EWR,AUS,7
BWI,JAX,3
CLT,ROC,3
DFW,CLE,5
MSP,SDF,3
ATL,LEX,2
PHX,FLL,8
LAS,FLL,9
DFW,DAY,4
DTW,ROC,2
CLT,BNA,2
CLT,PVD,3
DFW,JAX,4
MSP,HNL,11
DTW,HNL,11
SEA,HNL,11
ATL,TYS,1
MCO,CAK,4
ATL,SAV,1
SLC,SMF,3
ATL,CHS,2
CLT,SAV,1
MCO,MEM,3
MCO,SAT,5
ORD,MEM,2
LGA,PHF,2
MCO,PHF,3
SEA,MEM,8
LGA,CVG,3
SLC,BIL,2
DTW,MIA,5
BWI,LIT,4
SLC,PSC,3
MSP,SAT,5
ATL,TUS,7
IAH,CLE,5
MSP,ONT,6
MCO,MHT,5
PHX,CVG,7
MSP,BIL,3
DEN,MSY,5
DFW,MSY,2
DEN,TUL,3
CLT,RSW,3
IAH,FLL,4
ATL,OKC,4
LAS,MAF,4
ORD,RIC,3
CLT,ALB,3
DTW,SAT,5
SFO,EUG,2
ORD,BOI,6
PHX,BUF,8
MCO,ISP,4
IAH,OAK,7
EWR,MHT,1
ATL,ONT,8
DTW,CMH,1
DTW,RIC,2
DTW,RSW,5
LAS,AMA,4
DTW,GSO,2
ATL,ABQ,6
LAS,SDF,7
LAS,BUF,8
LAX,TUS,2
DEN,DSM,3
DTW,SDF,2
LAS,STL,6
BOS,FLL,5
LAS,MSY,7
ORD,DAY,1
DFW,IND,4
IAH,ONT,6
DEN,GEG,4
MSP,BNA,3
IAH,BHM,3
DFW,HSV,3
ATL,JAN,2
MCO,BDL,5
DFW,DSM,3
DEN,OKC,2
LGA,BNA,4
MSP,RAP,2
MCO,CLE,4
ORD,MHT,4
IAH,SJU,9
MSP,COS,3
SLC,FCA,3
SFO,CLE,9
BOS,STL,5
ATL,OMA,4
DTW,FNT,1
MCO,PVD,5
ATL,SYR,4
SLC,MSO,2
MSP,BZN,4
MSP,RDU,4
MSP,BOI,5
MSP,PVD,5
DEN,CMH,5
ATL,SNA,8
DEN,BUR,4
JFK,DCA,1
MSP,CVG,3
DFW,PBI,5
BWI,STL,3
ORD,TUS,6
PHX,BHM,6
LAS,OMA,5
SEA,MCI,6
SEA,BOI,2
ORD,SAT,5
PHX,BNA,6
SLC,JAC,1
DFW,LIT,2
DTW,GSP,3
DTW,CVG,1
LAS,BHM,7
ORD,GEG,6
BOS,CLE,3
CLT,ABE,2
ORD,ALB,3
DTW,ORF,3
SLC,SAN,3
BWI,CMH,2
LGA,CLE,2
SLC,HLN,2
DEN,BOI,3
ORD,SJU,9
DTW,MSY,4
CLT,STT,7
MSP,MSO,5
IAH,ABQ,3
PHX,OKC,4
MSP,CMH,3
LAS,ORF,9
MSP,GRB,2
MSP,RNO,6
MSP,MCI,2
IAH,JAC,6
LAX,COS,4
LGA,STL,4
IAH,BTR,2
DFW,OMA,3
LAS,TUL,5
IAH,COS,4
BWI,BHM,3
DTW,DAY,1
EWR,SRQ,5
DTW,JAX,4
ORD,OKC,3
BWI,AUS,6
DTW,SRQ,5
LAS,BNA,7
MSP,FCA,5
ATL,VPS,2
DTW,SJU,8
LAX,HOU,6
LAS,AUS,5
EWR,SAN,10
MSP,JAC,4
MSP,PSP,6
IAH,PBI,4
DTW,RDU,3
DTW,BZN,6
LGA,HOU,6
IAH,PNS,2
MSP,EGE,4
DFW,TUL,1
SEA,MDW,7
EWR,MCI,5
SLC,ONT,3
SLC,BZN,2
ATL,PSP,8
LGA,DCA,1
IAH,EGE,4
ATL,PDX,9
ATL,SHV,3
SLC,STL,5
BWI,SJU,7
PHX,MEM,6
IAH,OMA,4
DTW,BHM,3
DTW,HPN,3
MSP,BUF,3
MSP,LAN,2
BOS,MEM,5
ORD,LGB,7
SLC,SJC,3
IAH,JAX,4
IAH,RNO,7
DTW,MDT,2
DTW,ABE,2
MSP,FLL,6
EWR,STT,7
DTW,PIT,1
LAS,LIT,6
SLC,PHL,8
MCO,BNA,3
PHX,SDF,7
BWI,MSY,4
IAH,GPT,2
LAX,FLL,10
SFO,STL,7
MCO,HOU,4
SEA,CVG,8
SEA,ABQ,5
LAS,ALB,9
PHX,LIT,5
DFW,EGE,3
BOS,RDU,3
DFW,HDN,4
ORD,JAC,5
LAX,EGE,3
BOS,TPA,5
BWI,IND,3
ORD,HDN,5
ORD,EGE,5
EWR,EGE,7
MCO,TPA,1
DFW,LGB,5
MCO,AUS,4
BOS,RSW,5
DFW,SJC,6
PHX,HOU,5
LAS,ELP,3
MCO,SDF,3
BWI,ABQ,7
BOS,DCA,2
SEA,STL,7
DFW,MCI,2
DFW,STL,3
EWR,STL,4
IAH,DSM,4
IAH,DAY,4
IAH,ORF,5
IAH,RIC,5
IAH,SDF,4
IAH,BRO,2
EWR,DAB,4
IAH,DRO,4
IAH,LEX,4
EWR,OMA,5
BWI,HOU,5
EWR,RIC,2
IAH,CRW,4
IAH,XNA,2
JFK,CLE,2
LAX,SAN,1
LAX,SBP,1
LAX,MRY,2
LAX,PSP,1
LAX,FAT,1
LAX,SBA,1
IAH,CRP,1
EWR,BDL,1
EWR,ALB,1
MCO,BHM,2
EWR,AVL,3
LAX,SNA,1
EWR,BHM,4
EWR,BTV,2
IAH,CAE,4
SLC,CPR,2
SLC,SUN,1
SLC,CDC,1
SLC,SGU,2
EWR,CHS,3
IAH,LFT,1
SLC,COD,2
SLC,EKO,1
EWR,DAY,3
EWR,GSO,2
DFW,FSM,1
DFW,SHV,1
EWR,GSP,3
DFW,SPS,1
DFW,LRD,2
SLC,GJT,1
DFW,ACT,1
EWR,DSM,5
DFW,BTR,2
DFW,TXK,1
EWR,MKE,3
DFW,TYR,1
DFW,CLL,1
DFW,LAW,1
EWR,ORF,2
SLC,IDA,1
DFW,ABI,1
DFW,SJT,1
DFW,LBB,2
SLC,PIH,1
SLC,TWF,1
EWR,PWM,2
DFW,SGF,2
DFW,ILE,1
EWR,ROC,1
EWR,SAV,3
SLC,COS,2
DFW,GGG,1
EWR,SYR,1
SLC,BTM,2
IAH,TYS,4
EWR,TYS,3
EWR,SDF,3
IAH,LBB,2
SLC,RAP,3
EWR,OKC,6
DFW,MAF,2
IAH,VCT,1
IAH,CHS,4
IAH,AMA,3
IAH,AEX,1
EWR,GRR,3
DFW,JAN,2
IAH,BPT,1
DFW,AMA,2
IAH,CVG,4
IAH,CLL,1
SLC,PSP,3
DFW,XNA,2
DFW,GSO,4
DFW,TYS,4
DFW,CRP,2
DFW,HOU,1
DFW,GSP,4
IAH,EFD,1
DFW,MOB,3
DFW,TLH,4
DFW,PNS,3
IAH,GSO,4
IAH,GSP,4
IAH,HRL,2
DFW,GRR,4
EWR,MYR,3
IAH,HSV,3
IAH,ICT,3
DFW,MGM,3
DFW,FWA,4
IAH,ILE,1
DFW,MKE,4
IAH,JAN,2
DFW,MTJ,3
SLC,FAT,3
IAH,LCH,1
SLC,ELP,3
IAH,MKE,4
EWR,HPN,1
IAH,PSP,6
EWR,IAD,1
DFW,CID,3
SLC,TUL,4
SLC,SBA,3
DFW,BOI,6
IAH,LIT,2
SLC,DSM,4
SLC,AUS,5
IAH,LRD,2
IAH,MAF,2
IAH,MOB,2
IAH,MLU,2
SLC,TUS,3
SLC,OMA,4
IAH,SHV,1
ORD,SWF,3
ORD,FWA,1
ORD,MSN,1
ORD,LSE,1
ORD,GRB,1
ATL,MEI,2
ATL,MGM,1
ATL,EVV,2
ORD,PWM,4
ATL,CRW,2
ATL,MCN,1
ORD,DBQ,1
ORD,MKE,1
ATL,AGS,1
ATL,GNV,2
ORD,PIA,1
ORD,TVC,1
ORD,AZO,1
ATL,ROA,2
ATL,CSG,1
ORD,GSP,3
ATL,BQK,1
ATL,GTR,1
ATL,GRR,3
ATL,TRI,1
ATL,MYR,2
ATL,DHN,1
ATL,CHA,1
ORD,EVV,2
ATL,PFN,1
ORD,CMI,1
EWR,CAE,3
ATL,LYH,2
ORD,TYS,2
ATL,VLD,1
ORD,ORF,3
ATL,ILM,2
ATL,FAY,2
ATL,AVL,1
ATL,BTR,2
ATL,FLO,2
ATL,ABY,1
ORD,SDF,2
ORD,MQT,2
ORD,TOL,1
ATL,HTS,2
ATL,DAL,3
ORD,CHA,3
ATL,MLU,2
ORD,HSV,3
LGA,BGR,2
ATL,SBN,3
LGA,CMH,2
ATL,XNA,3
DFW,VPS,3
LGA,PWM,2
ATL,HPN,4
DFW,CHS,4
BOS,BGR,1
BOS,RIC,2
ATL,DSM,3
DFW,CAE,4
BOS,ORF,2
ATL,ISP,4
ATL,FWA,3
ATL,CRP,4
BOS,ISP,1
ATL,TOL,3
ATL,ABE,3
BOS,BNA,4
ATL,MDT,3
ATL,PIA,3
JFK,PIT,2
DFW,MLU,2
BOS,PWM,1
ATL,SWF,4
DFW,SAV,4
BOS,CMH,3
JFK,ALB,1
JFK,BDL,1
JFK,IAD,1
ATL,EYW,3
JFK,RDU,2
JFK,PVD,1
DFW,LFT,2
DFW,AEX,2
LAX,BFL,1
LAX,CLD,1
LAX,IPL,1
LAX,IYK,1
LAX,VIS,1
LAX,ONT,1
BOS,BTV,1
BOS,CAE,4
LAX,OXR,1
CLT,CVG,2
LAX,SMX,1
LAX,YUM,1
DEN,RAP,2
DEN,MTJ,1
DEN,GJT,1
DEN,DRO,2
SFO,SMF,1
SFO,ACV,2
SFO,BFL,1
SFO,CEC,2
SFO,CIC,1
SFO,FAT,1
SFO,MOD,1
SFO,MRY,1
SFO,RDD,1
SFO,RDM,2
SFO,SBA,2
SFO,SBP,1
SEA,PDX,1
LAS,FAT,2
LAS,PSP,1
LAX,SGU,2
SEA,PSC,1
SFO,BOI,3
DEN,FAT,4
DEN,BZN,3
DEN,MSO,3
DEN,BNA,5
DEN,ELP,3
DEN,FAR,3
DEN,PSC,4
DEN,PSP,4
DEN,SGF,3
DEN,SBA,4
ORD,SBN,1
ORD,COS,4
ORD,BMI,1
ORD,FSD,2
ORD,MBS,1
ORD,ICT,3
ORD,MLI,1
ORD,JAX,4
ORD,CAE,3
ORD,LEX,2
ORD,LAN,1
ORD,CHS,4
ORD,SAV,4
ORD,ABE,3
ORD,FAR,3
ORD,CRW,2
ORD,SGF,2
ORD,AVP,3
ORD,CAK,2
ORD,ROA,3
BOS,SAN,11
PHX,BDL,9
LAS,RDU,9
BOS,STT,7
MSP,DSM,1
SFO,EGE,4
LGA,MCI,5
EWR,LEX,3
ORD,BHM,3
PHX,HNL,11
MCO,BMI,4
MCO,FNT,5
PHX,OGG,11
MCO,DAY,4
EWR,MTJ,8
MSP,SJU,10
BWI,OKC,5
ATL,JAC,7
DEN,KOA,11
DEN,GUC,1
ORD,STT,9
DEN,HNL,11
LAS,OKC,4
LGA,RSW,5
DFW,JAC,5
LGA,EGE,7
ORD,MTJ,5
MSP,MBS,2
MSP,CID,1
DEN,PIA,4
DEN,MFR,4
LGA,XNA,5
BWI,SJC,10
MCO,SRQ,1
JFK,ISP,1
MCO,OKC,5
ATL,LFT,3
ATL,AEX,3
SLC,DCA,8
DFW,LEX,4
ATL,CHO,2
BOS,ACY,2
DFW,PFN,3
DFW,DAB,4
DFW,GPT,3
DFW,MLB,5
SFO,PIE,10
LAX,PIE,9
MSP,ROC,4
EWR,JAC,8
CLT,ROA,1
SFO,SJC,1
DTW,AUS,5
EWR,MSN,4
IAH,AGS,4
EWR,AGS,3
LGA,CAK,2
JFK,AGS,3
LAS,PIE,8
DEN,MLI,4
DEN,EUG,4
CLT,STX,7
DEN,BIS,3
SEA,EUG,1
DEN,LNK,2
DTW,TVC,1
LAS,SGU,1
ORD,LNK,2
SFO,IND,8
JFK,SNA,10
BWI,MEM,4
IAH,SAV,4
EWR,PHL,1
JFK,PHL,1
DEN,FSD,2
DEN,CID,3
ORD,OGG,11
CLT,AGS,1
DTW,MYR,3
DTW,PWM,3
CLT,SDF,2
ATL,LWB,2
EWR,XNA,5
DEN,ANC,10
ATL,LGB,8
DFW,EVV,3
MSP,FAI,10
IAH,ANC,11
SEA,SIT,4
ATL,ANC,11
DFW,ANC,11
DTW,XNA,3
MSP,TVC,2
MSP,MHT,5
MSP,FNT,2
MCO,MLI,5
CLT,SAN,9
SFO,ANC,9
EWR,OAK,11
EWR,ANC,11
IAH,BDL,7
IAH,AVL,4
IAH,VPS,3
SLC,WYS,2
SEA,CLE,9
BWI,MKE,3
DTW,RNO,8
DTW,OKC,4
EWR,ACK,1
IAH,OGG,11
LAS,MKE,7
BOS,MKE,4
LAX,MKE,8
LGA,MKE,3
DFW,GTR,2
LGA,TVC,3
BWI,SAN,10
LAS,COS,3
MCO,PIE,1
DFW,PIA,3
DEN,CPR,1
DTW,SHV,4
ATL,HNL,11
IAH,ACT,1
CLT,FAY,1
LAX,XNA,6
DFW,CHA,3
JFK,MYR,3
IAH,TYR,1
DFW,MYR,5
IAH,ABI,2
DTW,OMA,3
MSP,SBN,2
DTW,SBN,1
LAS,MHT,10
LAS,BDL,10
IAH,SJT,2
IAH,GRR,5
IAH,TXK,2
LAX,GEG,4
LAS,HNL,11
DFW,PVD,7
BOS,MSY,6
ORD,LIT,3
SEA,OGG,11
EWR,HSV,4
EWR,TUL,5
BOS,HPN,1
LGA,SJU,7
SEA,LGB,4
DTW,TUS,7
EWR,TUS,9
MCO,GRR,5
IAH,SRQ,4
SLC,HDN,2
LAX,SJU,11
CLT,EGE,6
EWR,GUC,7
ATL,HDN,6
JFK,HPN,1
DTW,LIT,3
LGA,BHM,4
MCO,GSO,3
JFK,ORF,2
LGA,MHT,1
LGA,CAE,3
ATL,ATW,4
LGA,RIC,2
MCO,RSW,1
ATL,AVP,3
LGA,CHS,3
JFK,BNA,4
JFK,JAX,4
LGA,JAX,4
MCO,HSV,3
LGA,TYS,3
LGA,GSO,2
LGA,SAV,3
LGA,LEX,3
MCO,PBI,1
MCO,TLH,1
LGA,MYR,3
BOS,MYR,3
ORD,MYR,4
DEN,EGE,1
MSP,OKC,3
JFK,CAE,3
JFK,PWM,2
DTW,TYS,2
SFO,TUS,4
BOS,LGB,11
LAS,GEG,4
SLC,MDW,6
JFK,SAV,3
JFK,MHT,1
JFK,TYS,3
BWI,DAY,2
MSP,SRQ,6
DEN,FLL,7
MCO,SYR,5
ORD,DLH,2
JFK,SMF,11
DFW,LYH,5
DEN,BHM,5
MCO,GSP,2
MSP,AZO,2
IAH,BFL,6
DFW,SBA,6
MCO,CAE,2
LGA,GSP,3
LGA,AGS,3
BWI,OAK,10
ATL,CBM,1
LGA,PIE,5
SLC,EUG,3
EWR,SMF,11
IAH,TLH,3
BOS,OAK,11
EWR,ABQ,8
DFW,PHF,5
DFW,BPT,2
JFK,BQN,7
PHX,ANC,11
JFK,CHS,3
DEN,COD,2
MSP,XNA,3
IAH,MSN,4
BOS,PHF,2
BOS,CAK,3
JFK,HOU,6
LAX,DCA,10
DTW,BTV,3
DTW,LEX,2
SLC,CLE,7
LGA,STT,7
MCO,MDT,4
DFW,DHN,3
LAS,MLI,6
EWR,LIT,5
DFW,FAY,5
IAH,BOI,6
JFK,GSO,2
DFW,AGS,4
SFO,FAR,6
DEN,DCA,6
BOS,GSO,3
IAH,GRK,1
DFW,GRK,1
LAS,ISP,10
EWR,HOU,6
LAS,PVD,10
LAX,BUR,1
MCO,TYS,3
SFO,SDF,8
MSP,LIT,3
SFO,AUS,7
DEN,XNA,3
LGA,BUF,2
MCO,CHS,2
LAS,ANC,10
ATL,APF,3
MCO,ICT,5
SLC,FLL,9
SLC,TPA,8
ATL,RNO,8
JFK,IND,3
JFK,BHM,4
JFK,RIC,2
LAX,MTJ,3
BWI,SRQ,4
DFW,GUC,3
EWR,RNO,10
ATL,GUC,6
SLC,MSY,6
SLC,LWS,2
SLC,BUR,3
ATL,BUR,8
SLC,ICT,4
SLC,XNA,5
SLC,LIT,5
ATL,BPT,3
JFK,PNS,5
JFK,TLH,4
JFK,MLB,4
BOS,JAX,5
SFO,COS,4
DTW,SAV,3
SLC,RDM,3
SLC,MFR,3
ATL,STX,7
ATL,ISO,2
DFW,CMI,3
SFO,SAT,6
DTW,CHS,3
ATL,HKY,1
DEN,MKE,4
DEN,RSW,7
SLC,OGG,11
IAH,MGM,3
SFO,ABQ,4
DEN,GTF,3
SLC,FAI,9
JFK,PDX,10
JFK,BUR,10
ATL,BOI,8
SLC,RDU,8
ATL,TUP,2
MCO,PFN,2
MCO,LEX,3
DEN,MRY,4
ORD,RAP,4
EWR,BGR,2
DFW,MSN,4
DFW,MLI,3
DFW,RST,4
DFW,TOL,4
DFW,TVC,5
DFW,GRB,4
ORD,PNS,4
LGA,GRR,3
SEA,IND,8
MCO,OMA,5
DEN,CAK,5
JFK,SDF,3
JFK,PSE,7
PHX,FCA,5
ORD,EUG,8
SLC,BFL,3
SLC,SGF,5
MCO,RIC,3
JFK,LEX,3
SLC,MRY,3
DFW,ROC,6
DFW,SYR,6
LAS,FNT,7
LAS,CAK,8
ATL,LAN,3
LAX,BDL,11
SFO,ONT,2
ATL,AZO,3
ORD,BTR,4
EWR,BTR,5
IAH,CHA,3
DEN,MSN,4
EWR,SBN,3
LAS,DSM,5
LAS,GRR,7
LAS,MSN,6
LAS,FSD,5
LAS,FAR,5
ORD,SPI,1
ORD,ATW,1
ORD,CWA,1
MCO,TUL,5
LGA,SRQ,5
BOS,SRQ,5
BWI,DCA,1
SLC,BDL,9
ATL,MSN,3
ATL,BTV,4
SLC,MKE,5
ATL,SGF,3
ATL,GRB,4
LGA,BTR,5
DTW,DSM,3
ORD,FNT,1
ATL,OGG,11
SLC,KOA,11
ATL,BZN,7
SLC,MIA,9
CLT,CAE,1
CLT,JAN,3
CLT,LEX,2
CLT,TLH,2
CLT,CAK,2
CLT,GSP,1
CLT,MGM,2
CLT,AVL,1
CLT,CHA,1
CLT,LIT,3
CLT,MOB,3
CLT,GNV,2
CLT,CRW,1
CLT,XNA,4
CLT,CHO,1
CLT,HSV,2
PHX,FAT,2
PHX,EUG,4
LAS,EUG,3
PHX,FSD,5
PHX,PSP,2
PHX,MRY,3
LAS,MRY,2
LAS,SBA,2
PHX,SBA,2
PHX,FLG,1
PHX,SBP,3
LAS,SBP,2
PHX,DRO,2
PHX,ASE,2
PHX,CLD,2
PHX,BIL,4
PHX,GJT,2
PHX,BFL,2
LAS,BFL,1
PHX,TEX,2
PHX,YUM,1
PHX,MFR,4
PHX,DSM,5
PHX,ICT,4
DEN,ASE,1
CLT,OAJ,1
LAS,BIL,4
DTW,CID,2
MSP,GSO,4
CLT,TRI,1
LAS,MFR,3
CLT,TYS,1
CLT,PHF,2
LGA,MSN,4
JFK,AUS,7
BOS,AUS,7
SLC,MEM,6
DEN,TYS,5
ORD,DAB,4
ATL,MFE,4
LAS,OGG,11
PHX,LIH,11
PHX,KOA,11
DEN,RFD,4
BOS,SAV,4
MCO,HPN,4
MCO,SBN,4
JFK,GSP,3
MCO,GPT,2
MCO,BQN,5
LAX,BOI,3
EWR,PSE,7
ATL,BQN,6
ATL,PSE,7
CLT,PWM,4
LAX,RDU,9
SLC,BLI,4
SLC,FAR,4
SLC,FSD,4
ATL,ACY,3
ATL,BGR,5
ATL,ERI,3
ATL,BGM,3
ATL,CMI,2
ATL,CID,3
BOS,CHS,4
LAX,MOD,2
ORD,BZN,5
DEN,IDA,2
SLC,ASE,2
LAX,ASE,3
DEN,RDM,4
ORD,BIL,5
ATL,TVC,4
LGA,DSM,5
ORD,MSO,6
ATL,SOP,2
DEN,DAY,5
ATL,ILG,3
MCO,BUR,9
PHX,LBB,3
BOS,BUF,2
SLC,DRO,2
ORD,MDW,1
BOS,ROC,2
DEN,HOU,4
ATL,FSD,4
MSP,SGF,3
SLC,BNA,6
DFW,MDT,5
ORD,JAN,3
JFK,CMH,2
LAX,OKC,5
DEN,GRR,5
ATL,GRK,4
BOS,DAY,3
JFK,SRQ,5
JFK,TUS,9
LAS,KOA,11
MCO,ACY,4
SEA,AUS,8
MCO,MFE,5
LAX,MFE,6
ATL,OAJ,2
SLC,CMH,7
ORD,ASE,5
ATL,TTN,3
BOS,TTN,1
SFO,ASE,4
LAX,JAX,9
MCO,SWF,4
JFK,SWF,1
SLC,MTJ,2
LGA,DAB,4
LGA,MLB,4
ATL,MTJ,6
MSP,ATW,1
MSP,CWA,1
DTW,SWF,2
DTW,LNK,3
MSP,MDT,4
MSP,AVL,4
DTW,AVP,2
DTW,HSV,3
DTW,BGR,4
DTW,EVV,2
DTW,CAK,1
DTW,MLI,2
DTW,TUL,4
DTW,FWA,1
DTW,BGM,2
DTW,ERI,1
DTW,CWA,2
DTW,SCE,2
DTW,AVL,2
DTW,JAN,4
DTW,ELM,2
DTW,DLH,3
MSP,DAY,3
MSP,SUX,1
MSP,HLN,4
MSP,HPN,5
MSP,IDA,4
DTW,RST,2
MSP,CPR,3
BOS,IND,4
MSP,LNK,2
MSP,ALB,4
MSP,TYS,4
MSP,MLI,2
MSP,CMX,2
MSP,TUL,3
MSP,ICT,3
BWI,ABE,1
MSP,ORF,5
MSP,RIC,4
DTW,PLN,1
DTW,CAE,3
DTW,ATW,2
DTW,SGF,3
DTW,ROA,2
MSP,RHI,1
MSP,ALO,1
DTW,STT,8
BWI,AVP,1
LAS,PBI,9
DEN,HSV,5
BWI,DAB,3
ATL,MTH,3
MSP,EAU,1
LGA,HDN,7
MSP,MYR,5
MSP,SAV,5
MSP,CHS,5
SEA,MSY,9
SLC,PIT,7
DEN,BDL,7
ATL,HHH,1
MSP,PIA,2
ORD,MOB,4
ORD,SHV,3
MCO,PNS,2
DEN,RDU,6
SLC,SDF,6
DEN,SDF,5
LGA,SDF,3
BOS,SDF,4
LAX,SDF,8
ATL,EWN,2
LAX,PMD,1
MCO,PSE,5
JFK,ACK,1
CLT,PDX,10
LAS,YUM,1
SFO,OAK,1
DEN,OGG,11
BWI,PWM,2
MSP,INL,2
MSP,PWM,5
SLC,YKM,3
SLC,SLE,3
SLC,BHM,6
ATL,FSM,3
ATL,SCE,3
JFK,BGM,1
MSP,BTV,4
MSP,BJI,1
DEN,FCA,4
SFO,PMD,2
MCO,PWM,5
ATL,FCA,8
MCO,TRI,3
MCO,LIT,4
MSP,BGR,5
SFO,BZN,4
SFO,BIL,4
ORD,FCA,6
SLC,SBP,3
DEN,JAX,6
MCO,SAN,9
LAX,EUG,3
LAX,ICT,5
ORD,ROW,5
LAS,ROC,9
LAS,DAY,7
LAS,BMI,6
DTW,PIA,2
PHX,MHT,10
DEN,BFL,4
EWR,JAN,5
DFW,FNT,5
DFW,ROW,2
ORD,VPS,4
LGA,HSV,4
BOS,PDX,11
MCO,PDX,11
SEA,LIH,11
DEN,AMA,2
LGA,FNT,3
DEN,PBI,7
MSP,PIR,2
ORD,GPT,4
LAX,JAC,4
SLC,YUM,3
DEN,LIH,11
JFK,HDN,7
LGA,VPS,5
MCO,BTV,5
MCO,JAX,1
DEN,BTR,4
LAX,DSM,6
CLT,DAB,2
ATL,ASE,6
ATL,LAW,4
IAH,HOU,1
DEN,RKS,2
DEN,GCC,2
DFW,GJT,4
DTW,CRW,2
MCO,AVL,2
MCO,EYW,2
DTW,ICT,4
MSP,FWA,2
CLT,SAT,5
CLT,AUS,5
SFO,MKE,8
SEA,MKE,7
LAS,JAX,8
BWI,BTV,2
CLT,SMF,9
CLT,TUS,7
DTW,CHA,3
SLC,ACV,3
JFK,BGR,2
DEN,HLN,3
DEN,TVC,5
ORD,CPR,4
LAX,TUL,6
SFO,MSO,4
SFO,FCA,4
ORD,GTF,5
LAX,BZN,4
BOS,ACK,1
ORD,DAL,4
LGA,CID,4
SLC,RKS,1
SLC,GCC,2
SFO,LMT,2
SFO,OTH,2
DTW,ITH,2
SFO,LGB,2
DFW,BMI,3
DEN,LIT,4
SEA,KOA,11
JFK,EGE,7
SLC,GUC,2
ORD,GUC,5
LGA,MBS,3
CLT,AVP,3
DEN,ATW,4
DTW,TOL,1
DTW,BMI,2
JFK,MCI,5
LGA,CRW,2
LGA,OMA,5
JFK,MKE,3
DTW,CHO,2
DTW,FSD,3
ATL,BKG,3
MSP,BMI,2
SLC,IND,6
DTW,LSE,2
SLC,LNK,4
SLC,BIS,3
ATL,LNK,4
SFO,PSC,3
SEA,MWH,1
SFO,GEG,3
LGA,AVL,3
ORD,BIS,3
DFW,BRO,2
DFW,LCH,2
DFW,SAF,3
ATL,BIL,7
LAS,BLI,4
MCO,CRW,3
MCO,ABE,4
LAX,ROW,4
DFW,MHK,2
MSP,BHM,4
DTW,CMI,2
SFO,MCI,6
SFO,FLL,11
LAX,SAF,3
DEN,MAF,3
ORD,AVL,3
DTW,EGE,5
MCO,BKG,4
CLT,HNL,11
LAX,BHM,8
ORD,PAH,2
ORD,MKG,1
DTW,TRI,2
ORD,CMX,2
ORD,EAU,2
MCO,DSM,5
JFK,MEM,4
DFW,FSD,3
DFW,RAP,4
DFW,AVL,4
LGA,ORF,2
DTW,SMF,9
CLT,VPS,2
DEN,PHF,7
SLC,MOT,3
BWI,GRR,3
ATL,UTM,2
DEN,LGB,4
DEN,FAI,10
MCO,ECP,2
ATL,ECP,1
BWI,ECP,4
BWI,HSV,3
SLC,DHN,7
DEN,MOT,3
LGA,LWB,2
MSP,PSC,6
ORD,TRI,2
DFW,CSG,3
DFW,CYS,3
DTW,MQT,2
SEA,BDL,10
JFK,SAT,7
MSP,LEX,3
DEN,BKG,3
MSP,MQT,2
JFK,LWB,2
MSP,ABR,2
ORD,MHK,3
BOS,COS,8
SFO,MMH,1
IAH,ASE,4
BWI,CHS,2
BWI,GSP,2
DEN,LBB,2
DEN,DAL,3
DFW,SPI,3
IAH,GJT,4
IAH,CID,4
SEA,SBA,4
SEA,FAT,3
JFK,MVY,1
BWI,BKG,4
DEN,GRB,4
LAX,ITO,10
DFW,GRI,3
DFW,DRO,3
ORD,CHO,3
SFO,IDA,3
SFO,ITO,10
IAH,HOB,3
ORD,ILM,4
SFO,OKC,6
DEN,MHT,7
PHX,BKG,5
BOS,MCI,6
ORD,ART,3
DFW,ASE,3
DEN,PVD,7
DFW,JLN,2
BWI,TUS,8
SFO,GJT,4
ORD,GJT,5
CLT,OMA,4
DFW,GCK,2
ORD,ALO,1
ORD,SUX,2
LGA,BDL,1
SFO,OMA,6
SFO,DCA,10
SEA,COS,5
DEN,MDT,6
DEN,BLI,5
SEA,HOU,8
MCO,MSN,5
JFK,HNL,11
IAH,RAP,5
IAH,DRT,2
ATL,COU,3
EWR,BZN,8
SFO,JAC,3
EWR,MDT,1
LGA,ROC,2
SEA,FLL,11
SFO,RDU,10
DEN,SHV,4
DFW,LAN,4
LGA,SYR,1
MSP,SYR,4
LGA,BTV,2
MSP,APN,2
DTW,APN,1
SEA,SAT,8
IAH,MYR,4
DTW,ESC,2
MSP,BRD,1
MSP,HIB,1
DEN,GFK,3
DEN,SBN,4
ORD,SRQ,5
DEN,LAR,1
DEN,ISN,3
MSP,ISN,3
DEN,AZA,3
MCO,COS,7
MCO,TTN,4
MCO,COU,4
MCO,SHD,3
MSP,IMT,2
JFK,PSP,10
LGA,EYW,5
LAX,HDN,4
