yr,mon,u_carrier,delay_type,type_count
2010,1,9E,None,10150
2010,1,9E,Slight,2335
2010,1,9E,Moderate,1282
2010,1,9E,Severe,1036
2010,1,AA,None,36929
2010,1,AA,Slight,11565
2010,1,AA,Moderate,5833
2010,1,AA,Severe,4073
2010,1,AS,None,7604
2010,1,AS,Slight,1521
2010,1,AS,Moderate,594
2010,1,AS,Severe,471
2010,1,B6,None,10729
2010,1,B6,Slight,2635
2010,1,B6,Moderate,1772
2010,1,B6,Severe,2106
2010,1,CO,None,14573
2010,1,CO,Slight,8764
2010,1,CO,Moderate,2961
2010,1,CO,Severe,1721
2010,1,DH,None,0
2010,1,DH,Slight,0
2010,1,DH,Moderate,0
2010,1,DH,Severe,0
2010,1,DL,None,49857
2010,1,DL,Slight,16129
2010,1,DL,Moderate,6901
2010,1,DL,Severe,4402
2010,1,EV,None,16256
2010,1,EV,Slight,3214
2010,1,EV,Moderate,1868
2010,1,EV,Severe,1856
2010,1,F9,None,6197
2010,1,F9,Slight,1692
2010,1,F9,Moderate,799
2010,1,F9,Severe,462
2010,1,FL,None,15089
2010,1,FL,Slight,3740
2010,1,FL,Moderate,2134
2010,1,FL,Severe,1316
2010,1,HA,None,317
2010,1,HA,Slight,132
2010,1,HA,Moderate,63
2010,1,HA,Severe,36
2010,1,HP,None,0
2010,1,HP,Slight,0
2010,1,HP,Moderate,0
2010,1,HP,Severe,0
2010,1,KH,None,0
2010,1,KH,Slight,0
2010,1,KH,Moderate,0
2010,1,KH,Severe,0
2010,1,MQ,None,21623
2010,1,MQ,Slight,6402
2010,1,MQ,Moderate,4258
2010,1,MQ,Severe,2745
2010,1,NW,None,0
2010,1,NW,Slight,0
2010,1,NW,Moderate,0
2010,1,NW,Severe,0
2010,1,OH,None,7405
2010,1,OH,Slight,627
2010,1,OH,Moderate,828
2010,1,OH,Severe,904
2010,1,OO,None,29752
2010,1,OO,Slight,8769
2010,1,OO,Moderate,4955
2010,1,OO,Severe,4447
2010,1,TZ,None,0
2010,1,TZ,Slight,0
2010,1,TZ,Moderate,0
2010,1,TZ,Severe,0
2010,1,UA,None,27109
2010,1,UA,Slight,6404
2010,1,UA,Moderate,3028
2010,1,UA,Severe,2672
2010,1,US,None,28454
2010,1,US,Slight,6971
2010,1,US,Moderate,2993
2010,1,US,Severe,1972
2010,1,VX,None,0
2010,1,VX,Slight,0
2010,1,VX,Moderate,0
2010,1,VX,Severe,0
2010,1,WN,None,27049
2010,1,WN,Slight,18317
2010,1,WN,Moderate,8482
2010,1,WN,Severe,4640
2010,1,XE,None,17555
2010,1,XE,Slight,4512
2010,1,XE,Moderate,2316
2010,1,XE,Severe,2128
2010,1,YV,None,11460
2010,1,YV,Slight,1624
2010,1,YV,Moderate,1202
2010,1,YV,Severe,1122
2010,2,9E,None,7561
2010,2,9E,Slight,2555
2010,2,9E,Moderate,1610
2010,2,9E,Severe,1547
2010,2,AA,None,30452
2010,2,AA,Slight,10886
2010,2,AA,Moderate,5784
2010,2,AA,Severe,4414
2010,2,AS,None,6924
2010,2,AS,Slight,1367
2010,2,AS,Moderate,558
2010,2,AS,Severe,387
2010,2,B6,None,8009
2010,2,B6,Slight,3714
2010,2,B6,Moderate,2196
2010,2,B6,Severe,1811
2010,2,CO,None,12385
2010,2,CO,Slight,8112
2010,2,CO,Moderate,2819
2010,2,CO,Severe,1346
2010,2,DH,None,0
2010,2,DH,Slight,0
2010,2,DH,Moderate,0
2010,2,DH,Severe,0
2010,2,DL,None,39502
2010,2,DL,Slight,16835
2010,2,DL,Moderate,7335
2010,2,DL,Severe,5098
2010,2,EV,None,13298
2010,2,EV,Slight,3363
2010,2,EV,Moderate,2062
2010,2,EV,Severe,2428
2010,2,F9,None,5417
2010,2,F9,Slight,1982
2010,2,F9,Moderate,886
2010,2,F9,Severe,424
2010,2,FL,None,12157
2010,2,FL,Slight,3563
2010,2,FL,Moderate,2230
2010,2,FL,Severe,1653
2010,2,HA,None,307
2010,2,HA,Slight,121
2010,2,HA,Moderate,33
2010,2,HA,Severe,18
2010,2,HP,None,0
2010,2,HP,Slight,0
2010,2,HP,Moderate,0
2010,2,HP,Severe,0
2010,2,KH,None,0
2010,2,KH,Slight,0
2010,2,KH,Moderate,0
2010,2,KH,Severe,0
2010,2,MQ,None,19279
2010,2,MQ,Slight,5662
2010,2,MQ,Moderate,3528
2010,2,MQ,Severe,2405
2010,2,NW,None,0
2010,2,NW,Slight,0
2010,2,NW,Moderate,0
2010,2,NW,Severe,0
2010,2,OH,None,5723
2010,2,OH,Slight,592
2010,2,OH,Moderate,801
2010,2,OH,Severe,996
2010,2,OO,None,28690
2010,2,OO,Slight,8459
2010,2,OO,Moderate,4359
2010,2,OO,Severe,3834
2010,2,TZ,None,0
2010,2,TZ,Slight,0
2010,2,TZ,Moderate,0
2010,2,TZ,Severe,0
2010,2,UA,None,24128
2010,2,UA,Slight,6529
2010,2,UA,Moderate,2831
2010,2,UA,Severe,2373
2010,2,US,None,23809
2010,2,US,Slight,6976
2010,2,US,Moderate,2704
2010,2,US,Severe,1691
2010,2,VX,None,0
2010,2,VX,Slight,0
2010,2,VX,Moderate,0
2010,2,VX,Severe,0
2010,2,WN,None,24486
2010,2,WN,Slight,16931
2010,2,WN,Moderate,6640
2010,2,WN,Severe,3460
2010,2,XE,None,15278
2010,2,XE,Slight,4586
2010,2,XE,Moderate,2717
2010,2,XE,Severe,2003
2010,2,YV,None,9784
2010,2,YV,Slight,1448
2010,2,YV,Moderate,1074
2010,2,YV,Severe,1066
2010,3,9E,None,11361
2010,3,9E,Slight,2258
2010,3,9E,Moderate,1075
2010,3,9E,Severe,898
2010,3,AA,None,36374
2010,3,AA,Slight,11277
2010,3,AA,Moderate,6428
2010,3,AA,Severe,5894
2010,3,AS,None,7778
2010,3,AS,Slight,1841
2010,3,AS,Moderate,634
2010,3,AS,Severe,387
2010,3,B6,None,9799
2010,3,B6,Slight,4183
2010,3,B6,Moderate,2470
2010,3,B6,Severe,2404
2010,3,CO,None,12793
2010,3,CO,Slight,10431
2010,3,CO,Moderate,3451
2010,3,CO,Severe,2022
2010,3,DH,None,0
2010,3,DH,Slight,0
2010,3,DH,Moderate,0
2010,3,DH,Severe,0
2010,3,DL,None,48098
2010,3,DL,Slight,19551
2010,3,DL,Moderate,8229
2010,3,DL,Severe,5792
2010,3,EV,None,16584
2010,3,EV,Slight,3627
2010,3,EV,Moderate,2138
2010,3,EV,Severe,2520
2010,3,F9,None,5553
2010,3,F9,Slight,2346
2010,3,F9,Moderate,1010
2010,3,F9,Severe,735
2010,3,FL,None,15144
2010,3,FL,Slight,3860
2010,3,FL,Moderate,2177
2010,3,FL,Severe,2116
2010,3,HA,None,307
2010,3,HA,Slight,139
2010,3,HA,Moderate,48
2010,3,HA,Severe,34
2010,3,HP,None,0
2010,3,HP,Slight,0
2010,3,HP,Moderate,0
2010,3,HP,Severe,0
2010,3,KH,None,0
2010,3,KH,Slight,0
2010,3,KH,Moderate,0
2010,3,KH,Severe,0
2010,3,MQ,None,24296
2010,3,MQ,Slight,5993
2010,3,MQ,Moderate,3262
2010,3,MQ,Severe,2617
2010,3,NW,None,0
2010,3,NW,Slight,0
2010,3,NW,Moderate,0
2010,3,NW,Severe,0
2010,3,OH,None,7409
2010,3,OH,Slight,660
2010,3,OH,Moderate,1032
2010,3,OH,Severe,960
2010,3,OO,None,36162
2010,3,OO,Slight,8840
2010,3,OO,Moderate,3752
2010,3,OO,Severe,3383
2010,3,TZ,None,0
2010,3,TZ,Slight,0
2010,3,TZ,Moderate,0
2010,3,TZ,Severe,0
2010,3,UA,None,29477
2010,3,UA,Slight,6703
2010,3,UA,Moderate,3045
2010,3,UA,Severe,3068
2010,3,US,None,28107
2010,3,US,Slight,7724
2010,3,US,Moderate,2851
2010,3,US,Severe,2029
2010,3,VX,None,0
2010,3,VX,Slight,0
2010,3,VX,Moderate,0
2010,3,VX,Severe,0
2010,3,WN,None,25863
2010,3,WN,Slight,22386
2010,3,WN,Moderate,9543
2010,3,WN,Severe,4775
2010,3,XE,None,18880
2010,3,XE,Slight,5555
2010,3,XE,Moderate,3068
2010,3,XE,Severe,3151
2010,3,YV,None,11499
2010,3,YV,Slight,1412
2010,3,YV,Moderate,1038
2010,3,YV,Severe,1007
2010,4,9E,None,12144
2010,4,9E,Slight,2051
2010,4,9E,Moderate,1045
2010,4,9E,Severe,696
2010,4,AA,None,38240
2010,4,AA,Slight,10546
2010,4,AA,Moderate,4618
2010,4,AA,Severe,3932
2010,4,AS,None,8254
2010,4,AS,Slight,1450
2010,4,AS,Moderate,406
2010,4,AS,Severe,292
2010,4,B6,None,12384
2010,4,B6,Slight,3307
2010,4,B6,Moderate,1584
2010,4,B6,Severe,1128
2010,4,CO,None,14779
2010,4,CO,Slight,9424
2010,4,CO,Moderate,2406
2010,4,CO,Severe,974
2010,4,DH,None,0
2010,4,DH,Slight,0
2010,4,DH,Moderate,0
2010,4,DH,Severe,0
2010,4,DL,None,52835
2010,4,DL,Slight,17201
2010,4,DL,Moderate,6601
2010,4,DL,Severe,3798
2010,4,EV,None,17285
2010,4,EV,Slight,2478
2010,4,EV,Moderate,1231
2010,4,EV,Severe,1474
2010,4,F9,None,6447
2010,4,F9,Slight,1920
2010,4,F9,Moderate,795
2010,4,F9,Severe,342
2010,4,FL,None,17925
2010,4,FL,Slight,2902
2010,4,FL,Moderate,1342
2010,4,FL,Severe,1019
2010,4,HA,None,346
2010,4,HA,Slight,122
2010,4,HA,Moderate,36
2010,4,HA,Severe,31
2010,4,HP,None,0
2010,4,HP,Slight,0
2010,4,HP,Moderate,0
2010,4,HP,Severe,0
2010,4,KH,None,0
2010,4,KH,Slight,0
2010,4,KH,Moderate,0
2010,4,KH,Severe,0
2010,4,MQ,None,24978
2010,4,MQ,Slight,5882
2010,4,MQ,Moderate,3176
2010,4,MQ,Severe,2227
2010,4,NW,None,0
2010,4,NW,Slight,0
2010,4,NW,Moderate,0
2010,4,NW,Severe,0
2010,4,OH,None,8211
2010,4,OH,Slight,672
2010,4,OH,Moderate,705
2010,4,OH,Severe,638
2010,4,OO,None,36249
2010,4,OO,Slight,7850
2010,4,OO,Moderate,3351
2010,4,OO,Severe,2951
2010,4,TZ,None,0
2010,4,TZ,Slight,0
2010,4,TZ,Moderate,0
2010,4,TZ,Severe,0
2010,4,UA,None,30150
2010,4,UA,Slight,5412
2010,4,UA,Moderate,2465
2010,4,UA,Severe,2145
2010,4,US,None,31286
2010,4,US,Slight,5689
2010,4,US,Moderate,1787
2010,4,US,Severe,1210
2010,4,VX,None,0
2010,4,VX,Slight,0
2010,4,VX,Moderate,0
2010,4,VX,Severe,0
2010,4,WN,None,29096
2010,4,WN,Slight,21925
2010,4,WN,Moderate,7631
2010,4,WN,Severe,3429
2010,4,XE,None,21759
2010,4,XE,Slight,4866
2010,4,XE,Moderate,2506
2010,4,XE,Severe,1563
2010,4,YV,None,11172
2010,4,YV,Slight,1179
2010,4,YV,Moderate,743
2010,4,YV,Severe,790
2010,5,9E,None,10594
2010,5,9E,Slight,2444
2010,5,9E,Moderate,1428
2010,5,9E,Severe,1289
2010,5,AA,None,34831
2010,5,AA,Slight,10890
2010,5,AA,Moderate,5866
2010,5,AA,Severe,6054
2010,5,AS,None,8954
2010,5,AS,Slight,1597
2010,5,AS,Moderate,534
2010,5,AS,Severe,248
2010,5,B6,None,11995
2010,5,B6,Slight,3000
2010,5,B6,Moderate,1538
2010,5,B6,Severe,1488
2010,5,CO,None,15044
2010,5,CO,Slight,9307
2010,5,CO,Moderate,2437
2010,5,CO,Severe,1608
2010,5,DH,None,0
2010,5,DH,Slight,0
2010,5,DH,Moderate,0
2010,5,DH,Severe,0
2010,5,DL,None,47067
2010,5,DL,Slight,19965
2010,5,DL,Moderate,9065
2010,5,DL,Severe,6448
2010,5,EV,None,15260
2010,5,EV,Slight,2997
2010,5,EV,Moderate,1931
2010,5,EV,Severe,2199
2010,5,F9,None,5972
2010,5,F9,Slight,2500
2010,5,F9,Moderate,965
2010,5,F9,Severe,611
2010,5,FL,None,17984
2010,5,FL,Slight,3752
2010,5,FL,Moderate,1784
2010,5,FL,Severe,1460
2010,5,HA,None,413
2010,5,HA,Slight,101
2010,5,HA,Moderate,31
2010,5,HA,Severe,11
2010,5,HP,None,0
2010,5,HP,Slight,0
2010,5,HP,Moderate,0
2010,5,HP,Severe,0
2010,5,KH,None,0
2010,5,KH,Slight,0
2010,5,KH,Moderate,0
2010,5,KH,Severe,0
2010,5,MQ,None,21585
2010,5,MQ,Slight,6803
2010,5,MQ,Moderate,4427
2010,5,MQ,Severe,3617
2010,5,NW,None,0
2010,5,NW,Slight,0
2010,5,NW,Moderate,0
2010,5,NW,Severe,0
2010,5,OH,None,6807
2010,5,OH,Slight,803
2010,5,OH,Moderate,1070
2010,5,OH,Severe,1254
2010,5,OO,None,36265
2010,5,OO,Slight,8092
2010,5,OO,Moderate,3698
2010,5,OO,Severe,3566
2010,5,TZ,None,0
2010,5,TZ,Slight,0
2010,5,TZ,Moderate,0
2010,5,TZ,Severe,0
2010,5,UA,None,29203
2010,5,UA,Slight,5711
2010,5,UA,Moderate,2923
2010,5,UA,Severe,3157
2010,5,US,None,31301
2010,5,US,Slight,6205
2010,5,US,Moderate,2276
2010,5,US,Severe,1675
2010,5,VX,None,0
2010,5,VX,Slight,0
2010,5,VX,Moderate,0
2010,5,VX,Severe,0
2010,5,WN,None,28819
2010,5,WN,Slight,22014
2010,5,WN,Moderate,9168
2010,5,WN,Severe,4744
2010,5,XE,None,20743
2010,5,XE,Slight,5391
2010,5,XE,Moderate,2769
2010,5,XE,Severe,2954
2010,5,YV,None,9812
2010,5,YV,Slight,1095
2010,5,YV,Moderate,786
2010,5,YV,Severe,909
2010,6,9E,None,10123
2010,6,9E,Slight,3122
2010,6,9E,Moderate,1785
2010,6,9E,Severe,1700
2010,6,AA,None,32369
2010,6,AA,Slight,12084
2010,6,AA,Moderate,6131
2010,6,AA,Severe,6012
2010,6,AS,None,8814
2010,6,AS,Slight,2067
2010,6,AS,Moderate,670
2010,6,AS,Severe,454
2010,6,B6,None,11707
2010,6,B6,Slight,3296
2010,6,B6,Moderate,1630
2010,6,B6,Severe,1751
2010,6,CO,None,13773
2010,6,CO,Slight,10503
2010,6,CO,Moderate,3088
2010,6,CO,Severe,1728
2010,6,DH,None,0
2010,6,DH,Slight,0
2010,6,DH,Moderate,0
2010,6,DH,Severe,0
2010,6,DL,None,39438
2010,6,DL,Slight,24428
2010,6,DL,Moderate,12958
2010,6,DL,Severe,8994
2010,6,EV,None,15089
2010,6,EV,Slight,3626
2010,6,EV,Moderate,2253
2010,6,EV,Severe,2275
2010,6,F9,None,4960
2010,6,F9,Slight,3047
2010,6,F9,Moderate,1371
2010,6,F9,Severe,694
2010,6,FL,None,16675
2010,6,FL,Slight,4700
2010,6,FL,Moderate,2478
2010,6,FL,Severe,1913
2010,6,HA,None,343
2010,6,HA,Slight,152
2010,6,HA,Moderate,48
2010,6,HA,Severe,22
2010,6,HP,None,0
2010,6,HP,Slight,0
2010,6,HP,Moderate,0
2010,6,HP,Severe,0
2010,6,KH,None,0
2010,6,KH,Slight,0
2010,6,KH,Moderate,0
2010,6,KH,Severe,0
2010,6,MQ,None,18201
2010,6,MQ,Slight,7332
2010,6,MQ,Moderate,5136
2010,6,MQ,Severe,4515
2010,6,NW,None,0
2010,6,NW,Slight,0
2010,6,NW,Moderate,0
2010,6,NW,Severe,0
2010,6,OH,None,5930
2010,6,OH,Slight,733
2010,6,OH,Moderate,1120
2010,6,OH,Severe,1422
2010,6,OO,None,32470
2010,6,OO,Slight,10611
2010,6,OO,Moderate,5199
2010,6,OO,Severe,4548
2010,6,TZ,None,0
2010,6,TZ,Slight,0
2010,6,TZ,Moderate,0
2010,6,TZ,Severe,0
2010,6,UA,None,26362
2010,6,UA,Slight,6954
2010,6,UA,Moderate,3566
2010,6,UA,Severe,4185
2010,6,US,None,29707
2010,6,US,Slight,6983
2010,6,US,Moderate,2532
2010,6,US,Severe,2159
2010,6,VX,None,0
2010,6,VX,Slight,0
2010,6,VX,Moderate,0
2010,6,VX,Severe,0
2010,6,WN,None,25371
2010,6,WN,Slight,23208
2010,6,WN,Moderate,9997
2010,6,WN,Severe,5994
2010,6,XE,None,19005
2010,6,XE,Slight,6418
2010,6,XE,Moderate,3852
2010,6,XE,Severe,3934
2010,6,YV,None,8918
2010,6,YV,Slight,1098
2010,6,YV,Moderate,910
2010,6,YV,Severe,970
2010,7,9E,None,10962
2010,7,9E,Slight,3136
2010,7,9E,Moderate,1760
2010,7,9E,Severe,1663
2010,7,AA,None,34902
2010,7,AA,Slight,12892
2010,7,AA,Moderate,6203
2010,7,AA,Severe,5294
2010,7,AS,None,9401
2010,7,AS,Slight,2113
2010,7,AS,Moderate,699
2010,7,AS,Severe,424
2010,7,B6,None,11306
2010,7,B6,Slight,4122
2010,7,B6,Moderate,2342
2010,7,B6,Severe,2380
2010,7,CO,None,12348
2010,7,CO,Slight,11092
2010,7,CO,Moderate,3898
2010,7,CO,Severe,2616
2010,7,DH,None,0
2010,7,DH,Slight,0
2010,7,DH,Moderate,0
2010,7,DH,Severe,0
2010,7,DL,None,40669
2010,7,DL,Slight,23968
2010,7,DL,Moderate,12737
2010,7,DL,Severe,10265
2010,7,EV,None,15583
2010,7,EV,Slight,3502
2010,7,EV,Moderate,2256
2010,7,EV,Severe,2865
2010,7,F9,None,5414
2010,7,F9,Slight,3001
2010,7,F9,Moderate,1243
2010,7,F9,Severe,795
2010,7,FL,None,17059
2010,7,FL,Slight,4727
2010,7,FL,Moderate,2484
2010,7,FL,Severe,2253
2010,7,HA,None,394
2010,7,HA,Slight,149
2010,7,HA,Moderate,35
2010,7,HA,Severe,40
2010,7,HP,None,0
2010,7,HP,Slight,0
2010,7,HP,Moderate,0
2010,7,HP,Severe,0
2010,7,KH,None,0
2010,7,KH,Slight,0
2010,7,KH,Moderate,0
2010,7,KH,Severe,0
2010,7,MQ,None,19944
2010,7,MQ,Slight,8391
2010,7,MQ,Moderate,5409
2010,7,MQ,Severe,3895
2010,7,NW,None,0
2010,7,NW,Slight,0
2010,7,NW,Moderate,0
2010,7,NW,Severe,0
2010,7,OH,None,6479
2010,7,OH,Slight,771
2010,7,OH,Moderate,1003
2010,7,OH,Severe,1265
2010,7,OO,None,33982
2010,7,OO,Slight,10935
2010,7,OO,Moderate,5427
2010,7,OO,Severe,3862
2010,7,TZ,None,0
2010,7,TZ,Slight,0
2010,7,TZ,Moderate,0
2010,7,TZ,Severe,0
2010,7,UA,None,28990
2010,7,UA,Slight,6650
2010,7,UA,Moderate,3349
2010,7,UA,Severe,3485
2010,7,US,None,30066
2010,7,US,Slight,7013
2010,7,US,Moderate,2949
2010,7,US,Severe,2311
2010,7,VX,None,0
2010,7,VX,Slight,0
2010,7,VX,Moderate,0
2010,7,VX,Severe,0
2010,7,WN,None,25664
2010,7,WN,Slight,23514
2010,7,WN,Moderate,10914
2010,7,WN,Severe,6062
2010,7,XE,None,19102
2010,7,XE,Slight,6865
2010,7,XE,Moderate,4213
2010,7,XE,Severe,4515
2010,7,YV,None,9220
2010,7,YV,Slight,1166
2010,7,YV,Moderate,880
2010,7,YV,Severe,905
2010,8,9E,None,12359
2010,8,9E,Slight,2706
2010,8,9E,Moderate,1498
2010,8,9E,Severe,1171
2010,8,AA,None,37198
2010,8,AA,Slight,12488
2010,8,AA,Moderate,5589
2010,8,AA,Severe,4392
2010,8,AS,None,9308
2010,8,AS,Slight,2183
2010,8,AS,Moderate,636
2010,8,AS,Severe,404
2010,8,B6,None,11794
2010,8,B6,Slight,3924
2010,8,B6,Moderate,2305
2010,8,B6,Severe,2121
2010,8,CO,None,15485
2010,8,CO,Slight,10577
2010,8,CO,Moderate,2436
2010,8,CO,Severe,1351
2010,8,DH,None,0
2010,8,DH,Slight,0
2010,8,DH,Moderate,0
2010,8,DH,Severe,0
2010,8,DL,None,49745
2010,8,DL,Slight,22058
2010,8,DL,Moderate,10432
2010,8,DL,Severe,6690
2010,8,EV,None,16320
2010,8,EV,Slight,3178
2010,8,EV,Moderate,2266
2010,8,EV,Severe,2368
2010,8,F9,None,6566
2010,8,F9,Slight,2529
2010,8,F9,Moderate,957
2010,8,F9,Severe,514
2010,8,FL,None,17527
2010,8,FL,Slight,4522
2010,8,FL,Moderate,2415
2010,8,FL,Severe,1914
2010,8,HA,None,391
2010,8,HA,Slight,158
2010,8,HA,Moderate,32
2010,8,HA,Severe,35
2010,8,HP,None,0
2010,8,HP,Slight,0
2010,8,HP,Moderate,0
2010,8,HP,Severe,0
2010,8,KH,None,0
2010,8,KH,Slight,0
2010,8,KH,Moderate,0
2010,8,KH,Severe,0
2010,8,MQ,None,24844
2010,8,MQ,Slight,7354
2010,8,MQ,Moderate,4132
2010,8,MQ,Severe,2642
2010,8,NW,None,0
2010,8,NW,Slight,0
2010,8,NW,Moderate,0
2010,8,NW,Severe,0
2010,8,OH,None,7234
2010,8,OH,Slight,698
2010,8,OH,Moderate,919
2010,8,OH,Severe,837
2010,8,OO,None,35539
2010,8,OO,Slight,9677
2010,8,OO,Moderate,4937
2010,8,OO,Severe,4196
2010,8,TZ,None,0
2010,8,TZ,Slight,0
2010,8,TZ,Moderate,0
2010,8,TZ,Severe,0
2010,8,UA,None,30170
2010,8,UA,Slight,6572
2010,8,UA,Moderate,3285
2010,8,UA,Severe,3083
2010,8,US,None,31692
2010,8,US,Slight,6597
2010,8,US,Moderate,2473
2010,8,US,Severe,1989
2010,8,VX,None,0
2010,8,VX,Slight,0
2010,8,VX,Moderate,0
2010,8,VX,Severe,0
2010,8,WN,None,27679
2010,8,WN,Slight,23898
2010,8,WN,Moderate,9949
2010,8,WN,Severe,4546
2010,8,XE,None,24199
2010,8,XE,Slight,5512
2010,8,XE,Moderate,2679
2010,8,XE,Severe,2103
2010,8,YV,None,9633
2010,8,YV,Slight,1105
2010,8,YV,Moderate,721
2010,8,YV,Severe,710
2010,9,9E,None,11410
2010,9,9E,Slight,2010
2010,9,9E,Moderate,997
2010,9,9E,Severe,853
2010,9,AA,None,37965
2010,9,AA,Slight,9990
2010,9,AA,Moderate,4450
2010,9,AA,Severe,3506
2010,9,AS,None,8948
2010,9,AS,Slight,1661
2010,9,AS,Moderate,512
2010,9,AS,Severe,224
2010,9,B6,None,11964
2010,9,B6,Slight,2729
2010,9,B6,Moderate,1517
2010,9,B6,Severe,1658
2010,9,CO,None,16836
2010,9,CO,Slight,7601
2010,9,CO,Moderate,1690
2010,9,CO,Severe,1018
2010,9,DH,None,0
2010,9,DH,Slight,0
2010,9,DH,Moderate,0
2010,9,DH,Severe,0
2010,9,DL,None,53505
2010,9,DL,Slight,18507
2010,9,DL,Moderate,7690
2010,9,DL,Severe,4279
2010,9,EV,None,15364
2010,9,EV,Slight,2719
2010,9,EV,Moderate,1796
2010,9,EV,Severe,1877
2010,9,F9,None,6427
2010,9,F9,Slight,2126
2010,9,F9,Moderate,755
2010,9,F9,Severe,326
2010,9,FL,None,18609
2010,9,FL,Slight,2503
2010,9,FL,Moderate,893
2010,9,FL,Severe,861
2010,9,HA,None,366
2010,9,HA,Slight,123
2010,9,HA,Moderate,26
2010,9,HA,Severe,29
2010,9,HP,None,0
2010,9,HP,Slight,0
2010,9,HP,Moderate,0
2010,9,HP,Severe,0
2010,9,KH,None,0
2010,9,KH,Slight,0
2010,9,KH,Moderate,0
2010,9,KH,Severe,0
2010,9,MQ,None,26534
2010,9,MQ,Slight,6091
2010,9,MQ,Moderate,3222
2010,9,MQ,Severe,2077
2010,9,NW,None,0
2010,9,NW,Slight,0
2010,9,NW,Moderate,0
2010,9,NW,Severe,0
2010,9,OH,None,8417
2010,9,OH,Slight,729
2010,9,OH,Moderate,772
2010,9,OH,Severe,785
2010,9,OO,None,36370
2010,9,OO,Slight,7729
2010,9,OO,Moderate,3276
2010,9,OO,Severe,2507
2010,9,TZ,None,0
2010,9,TZ,Slight,0
2010,9,TZ,Moderate,0
2010,9,TZ,Severe,0
2010,9,UA,None,31547
2010,9,UA,Slight,4909
2010,9,UA,Moderate,2104
2010,9,UA,Severe,1752
2010,9,US,None,32739
2010,9,US,Slight,5754
2010,9,US,Moderate,2080
2010,9,US,Severe,1349
2010,9,VX,None,0
2010,9,VX,Slight,0
2010,9,VX,Moderate,0
2010,9,VX,Severe,0
2010,9,WN,None,32870
2010,9,WN,Slight,20102
2010,9,WN,Moderate,7066
2010,9,WN,Severe,2650
2010,9,XE,None,23338
2010,9,XE,Slight,3514
2010,9,XE,Moderate,1580
2010,9,XE,Severe,1467
2010,9,YV,None,9477
2010,9,YV,Slight,839
2010,9,YV,Moderate,473
2010,9,YV,Severe,379
2010,10,9E,None,12503
2010,10,9E,Slight,2084
2010,10,9E,Moderate,997
2010,10,9E,Severe,827
2010,10,AA,None,39237
2010,10,AA,Slight,11329
2010,10,AA,Moderate,3979
2010,10,AA,Severe,2920
2010,10,AS,None,8867
2010,10,AS,Slight,1681
2010,10,AS,Moderate,520
2010,10,AS,Severe,336
2010,10,B6,None,12044
2010,10,B6,Slight,3321
2010,10,B6,Moderate,1736
2010,10,B6,Severe,1748
2010,10,CO,None,16751
2010,10,CO,Slight,9462
2010,10,CO,Moderate,2180
2010,10,CO,Severe,1168
2010,10,DH,None,0
2010,10,DH,Slight,0
2010,10,DH,Moderate,0
2010,10,DH,Severe,0
2010,10,DL,None,53890
2010,10,DL,Slight,19623
2010,10,DL,Moderate,7778
2010,10,DL,Severe,5023
2010,10,EV,None,14994
2010,10,EV,Slight,3221
2010,10,EV,Moderate,2158
2010,10,EV,Severe,2187
2010,10,F9,None,6219
2010,10,F9,Slight,2326
2010,10,F9,Moderate,718
2010,10,F9,Severe,438
2010,10,FL,None,19207
2010,10,FL,Slight,2747
2010,10,FL,Moderate,1037
2010,10,FL,Severe,916
2010,10,HA,None,382
2010,10,HA,Slight,138
2010,10,HA,Moderate,28
2010,10,HA,Severe,20
2010,10,HP,None,0
2010,10,HP,Slight,0
2010,10,HP,Moderate,0
2010,10,HP,Severe,0
2010,10,KH,None,0
2010,10,KH,Slight,0
2010,10,KH,Moderate,0
2010,10,KH,Severe,0
2010,10,MQ,None,29629
2010,10,MQ,Slight,5650
2010,10,MQ,Moderate,2673
2010,10,MQ,Severe,1627
2010,10,NW,None,0
2010,10,NW,Slight,0
2010,10,NW,Moderate,0
2010,10,NW,Severe,0
2010,10,OH,None,8282
2010,10,OH,Slight,637
2010,10,OH,Moderate,767
2010,10,OH,Severe,778
2010,10,OO,None,35163
2010,10,OO,Slight,8270
2010,10,OO,Moderate,3930
2010,10,OO,Severe,3509
2010,10,TZ,None,0
2010,10,TZ,Slight,0
2010,10,TZ,Moderate,0
2010,10,TZ,Severe,0
2010,10,UA,None,32131
2010,10,UA,Slight,5534
2010,10,UA,Moderate,2218
2010,10,UA,Severe,1998
2010,10,US,None,31938
2010,10,US,Slight,7439
2010,10,US,Moderate,2431
2010,10,US,Severe,1736
2010,10,VX,None,0
2010,10,VX,Slight,0
2010,10,VX,Moderate,0
2010,10,VX,Severe,0
2010,10,WN,None,22363
2010,10,WN,Slight,25291
2010,10,WN,Moderate,11963
2010,10,WN,Severe,5389
2010,10,XE,None,24461
2010,10,XE,Slight,3756
2010,10,XE,Moderate,1744
2010,10,XE,Severe,1728
2010,10,YV,None,9740
2010,10,YV,Slight,821
2010,10,YV,Moderate,519
2010,10,YV,Severe,638
2010,11,9E,None,11646
2010,11,9E,Slight,2039
2010,11,9E,Moderate,1015
2010,11,9E,Severe,730
2010,11,AA,None,37469
2010,11,AA,Slight,10895
2010,11,AA,Moderate,4164
2010,11,AA,Severe,2957
2010,11,AS,None,7634
2010,11,AS,Slight,1832
2010,11,AS,Moderate,735
2010,11,AS,Severe,466
2010,11,B6,None,11949
2010,11,B6,Slight,3325
2010,11,B6,Moderate,1832
2010,11,B6,Severe,1412
2010,11,CO,None,15704
2010,11,CO,Slight,9360
2010,11,CO,Moderate,2548
2010,11,CO,Severe,1179
2010,11,DH,None,0
2010,11,DH,Slight,0
2010,11,DH,Moderate,0
2010,11,DH,Severe,0
2010,11,DL,None,50992
2010,11,DL,Slight,18566
2010,11,DL,Moderate,7846
2010,11,DL,Severe,4399
2010,11,EV,None,15073
2010,11,EV,Slight,3045
2010,11,EV,Moderate,1976
2010,11,EV,Severe,2003
2010,11,F9,None,5475
2010,11,F9,Slight,2115
2010,11,F9,Moderate,855
2010,11,F9,Severe,328
2010,11,FL,None,17672
2010,11,FL,Slight,3134
2010,11,FL,Moderate,1204
2010,11,FL,Severe,845
2010,11,HA,None,324
2010,11,HA,Slight,147
2010,11,HA,Moderate,45
2010,11,HA,Severe,27
2010,11,HP,None,0
2010,11,HP,Slight,0
2010,11,HP,Moderate,0
2010,11,HP,Severe,0
2010,11,KH,None,0
2010,11,KH,Slight,0
2010,11,KH,Moderate,0
2010,11,KH,Severe,0
2010,11,MQ,None,27113
2010,11,MQ,Slight,5485
2010,11,MQ,Moderate,2852
2010,11,MQ,Severe,1930
2010,11,NW,None,0
2010,11,NW,Slight,0
2010,11,NW,Moderate,0
2010,11,NW,Severe,0
2010,11,OH,None,7682
2010,11,OH,Slight,561
2010,11,OH,Moderate,631
2010,11,OH,Severe,544
2010,11,OO,None,31850
2010,11,OO,Slight,9126
2010,11,OO,Moderate,4791
2010,11,OO,Severe,3474
2010,11,TZ,None,0
2010,11,TZ,Slight,0
2010,11,TZ,Moderate,0
2010,11,TZ,Severe,0
2010,11,UA,None,30871
2010,11,UA,Slight,4846
2010,11,UA,Moderate,1880
2010,11,UA,Severe,1484
2010,11,US,None,31546
2010,11,US,Slight,6918
2010,11,US,Moderate,2347
2010,11,US,Severe,1153
2010,11,VX,None,0
2010,11,VX,Slight,0
2010,11,VX,Moderate,0
2010,11,VX,Severe,0
2010,11,WN,None,23719
2010,11,WN,Slight,23247
2010,11,WN,Moderate,10781
2010,11,WN,Severe,4296
2010,11,XE,None,21346
2010,11,XE,Slight,3875
2010,11,XE,Moderate,1697
2010,11,XE,Severe,1250
2010,11,YV,None,9741
2010,11,YV,Slight,718
2010,11,YV,Moderate,523
2010,11,YV,Severe,396
2010,12,9E,None,7876
2010,12,9E,Slight,2892
2010,12,9E,Moderate,1969
2010,12,9E,Severe,1802
2010,12,AA,None,33630
2010,12,AA,Slight,13118
2010,12,AA,Moderate,5844
2010,12,AA,Severe,4042
2010,12,AS,None,7197
2010,12,AS,Slight,2335
2010,12,AS,Moderate,795
2010,12,AS,Severe,650
2010,12,B6,None,8741
2010,12,B6,Slight,3643
2010,12,B6,Moderate,2783
2010,12,B6,Severe,2886
2010,12,CO,None,11544
2010,12,CO,Slight,10358
2010,12,CO,Moderate,4283
2010,12,CO,Severe,3026
2010,12,DH,None,0
2010,12,DH,Slight,0
2010,12,DH,Moderate,0
2010,12,DH,Severe,0
2010,12,DL,None,40647
2010,12,DL,Slight,19976
2010,12,DL,Moderate,11127
2010,12,DL,Severe,7529
2010,12,EV,None,12319
2010,12,EV,Slight,3929
2010,12,EV,Moderate,2696
2010,12,EV,Severe,3103
2010,12,F9,None,4694
2010,12,F9,Slight,2310
2010,12,F9,Moderate,1084
2010,12,F9,Severe,565
2010,12,FL,None,15576
2010,12,FL,Slight,3943
2010,12,FL,Moderate,2081
2010,12,FL,Severe,1230
2010,12,HA,None,311
2010,12,HA,Slight,193
2010,12,HA,Moderate,47
2010,12,HA,Severe,41
2010,12,HP,None,0
2010,12,HP,Slight,0
2010,12,HP,Moderate,0
2010,12,HP,Severe,0
2010,12,KH,None,0
2010,12,KH,Slight,0
2010,12,KH,Moderate,0
2010,12,KH,Severe,0
2010,12,MQ,None,22134
2010,12,MQ,Slight,6417
2010,12,MQ,Moderate,4168
2010,12,MQ,Severe,2936
2010,12,NW,None,0
2010,12,NW,Slight,0
2010,12,NW,Moderate,0
2010,12,NW,Severe,0
2010,12,OH,None,6178
2010,12,OH,Slight,689
2010,12,OH,Moderate,1056
2010,12,OH,Severe,1075
2010,12,OO,None,26008
2010,12,OO,Slight,10298
2010,12,OO,Moderate,6848
2010,12,OO,Severe,6971
2010,12,TZ,None,0
2010,12,TZ,Slight,0
2010,12,TZ,Moderate,0
2010,12,TZ,Severe,0
2010,12,UA,None,25210
2010,12,UA,Slight,7077
2010,12,UA,Moderate,3372
2010,12,UA,Severe,2710
2010,12,US,None,26769
2010,12,US,Slight,8892
2010,12,US,Moderate,3541
2010,12,US,Severe,2472
2010,12,VX,None,0
2010,12,VX,Slight,0
2010,12,VX,Moderate,0
2010,12,VX,Severe,0
2010,12,WN,None,17273
2010,12,WN,Slight,21945
2010,12,WN,Moderate,14964
2010,12,WN,Severe,8775
2010,12,XE,None,17376
2010,12,XE,Slight,5570
2010,12,XE,Moderate,3265
2010,12,XE,Severe,3006
2010,12,YV,None,8510
2010,12,YV,Slight,1116
2010,12,YV,Moderate,968
2010,12,YV,Severe,945
2011,1,9E,None,0
2011,1,9E,Slight,0
2011,1,9E,Moderate,0
2011,1,9E,Severe,0
2011,1,AA,None,34861
2011,1,AA,Slight,12365
2011,1,AA,Moderate,5640
2011,1,AA,Severe,3844
2011,1,AS,None,8023
2011,1,AS,Slight,1686
2011,1,AS,Moderate,578
2011,1,AS,Severe,417
2011,1,B6,None,9160
2011,1,B6,Slight,3682
2011,1,B6,Moderate,2572
2011,1,B6,Severe,2425
2011,1,CO,None,13172
2011,1,CO,Slight,9517
2011,1,CO,Moderate,3142
2011,1,CO,Severe,1698
2011,1,DH,None,0
2011,1,DH,Slight,0
2011,1,DH,Moderate,0
2011,1,DH,Severe,0
2011,1,DL,None,46982
2011,1,DL,Slight,16620
2011,1,DL,Moderate,8026
2011,1,DL,Severe,4612
2011,1,EV,None,13267
2011,1,EV,Slight,3051
2011,1,EV,Moderate,2039
2011,1,EV,Severe,2430
2011,1,F9,None,4752
2011,1,F9,Slight,1980
2011,1,F9,Moderate,1076
2011,1,F9,Severe,594
2011,1,FL,None,14397
2011,1,FL,Slight,3133
2011,1,FL,Moderate,1514
2011,1,FL,Severe,1253
2011,1,HA,None,382
2011,1,HA,Slight,127
2011,1,HA,Moderate,38
2011,1,HA,Severe,28
2011,1,HP,None,0
2011,1,HP,Slight,0
2011,1,HP,Moderate,0
2011,1,HP,Severe,0
2011,1,KH,None,0
2011,1,KH,Slight,0
2011,1,KH,Moderate,0
2011,1,KH,Severe,0
2011,1,MQ,None,23806
2011,1,MQ,Slight,6097
2011,1,MQ,Moderate,3966
2011,1,MQ,Severe,2578
2011,1,NW,None,0
2011,1,NW,Slight,0
2011,1,NW,Moderate,0
2011,1,NW,Severe,0
2011,1,OH,None,0
2011,1,OH,Slight,0
2011,1,OH,Moderate,0
2011,1,OH,Severe,0
2011,1,OO,None,31998
2011,1,OO,Slight,8741
2011,1,OO,Moderate,5062
2011,1,OO,Severe,4765
2011,1,TZ,None,0
2011,1,TZ,Slight,0
2011,1,TZ,Moderate,0
2011,1,TZ,Severe,0
2011,1,UA,None,26419
2011,1,UA,Slight,5554
2011,1,UA,Moderate,2422
2011,1,UA,Severe,2085
2011,1,US,None,28744
2011,1,US,Slight,7575
2011,1,US,Moderate,2851
2011,1,US,Severe,1679
2011,1,VX,None,0
2011,1,VX,Slight,0
2011,1,VX,Moderate,0
2011,1,VX,Severe,0
2011,1,WN,None,21598
2011,1,WN,Slight,22639
2011,1,WN,Moderate,13189
2011,1,WN,Severe,5652
2011,1,XE,None,17375
2011,1,XE,Slight,4353
2011,1,XE,Moderate,2094
2011,1,XE,Severe,1643
2011,1,YV,None,8866
2011,1,YV,Slight,870
2011,1,YV,Moderate,657
2011,1,YV,Severe,679
2011,2,9E,None,0
2011,2,9E,Slight,0
2011,2,9E,Moderate,0
2011,2,9E,Severe,0
2011,2,AA,None,27421
2011,2,AA,Slight,11226
2011,2,AA,Moderate,6104
2011,2,AA,Severe,4813
2011,2,AS,None,7077
2011,2,AS,Slight,1604
2011,2,AS,Moderate,687
2011,2,AS,Severe,434
2011,2,B6,None,8871
2011,2,B6,Slight,3207
2011,2,B6,Moderate,2323
2011,2,B6,Severe,2202
2011,2,CO,None,12777
2011,2,CO,Slight,8133
2011,2,CO,Moderate,2418
2011,2,CO,Severe,1546
2011,2,DH,None,0
2011,2,DH,Slight,0
2011,2,DH,Moderate,0
2011,2,DH,Severe,0
2011,2,DL,None,45365
2011,2,DL,Slight,14602
2011,2,DL,Moderate,6889
2011,2,DL,Severe,4349
2011,2,EV,None,13056
2011,2,EV,Slight,2878
2011,2,EV,Moderate,1927
2011,2,EV,Severe,1936
2011,2,F9,None,4288
2011,2,F9,Slight,2005
2011,2,F9,Moderate,1015
2011,2,F9,Severe,590
2011,2,FL,None,14156
2011,2,FL,Slight,2882
2011,2,FL,Moderate,1283
2011,2,FL,Severe,851
2011,2,HA,None,354
2011,2,HA,Slight,105
2011,2,HA,Moderate,28
2011,2,HA,Severe,25
2011,2,HP,None,0
2011,2,HP,Slight,0
2011,2,HP,Moderate,0
2011,2,HP,Severe,0
2011,2,KH,None,0
2011,2,KH,Slight,0
2011,2,KH,Moderate,0
2011,2,KH,Severe,0
2011,2,MQ,None,17519
2011,2,MQ,Slight,5208
2011,2,MQ,Moderate,4089
2011,2,MQ,Severe,3794
2011,2,NW,None,0
2011,2,NW,Slight,0
2011,2,NW,Moderate,0
2011,2,NW,Severe,0
2011,2,OH,None,0
2011,2,OH,Slight,0
2011,2,OH,Moderate,0
2011,2,OH,Severe,0
2011,2,OO,None,29603
2011,2,OO,Slight,7807
2011,2,OO,Moderate,4257
2011,2,OO,Severe,3877
2011,2,TZ,None,0
2011,2,TZ,Slight,0
2011,2,TZ,Moderate,0
2011,2,TZ,Severe,0
2011,2,UA,None,22850
2011,2,UA,Slight,5305
2011,2,UA,Moderate,2604
2011,2,UA,Severe,2217
2011,2,US,None,26915
2011,2,US,Slight,6971
2011,2,US,Moderate,2844
2011,2,US,Severe,1713
2011,2,VX,None,0
2011,2,VX,Slight,0
2011,2,VX,Moderate,0
2011,2,VX,Severe,0
2011,2,WN,None,21657
2011,2,WN,Slight,20571
2011,2,WN,Moderate,10108
2011,2,WN,Severe,4859
2011,2,XE,None,15542
2011,2,XE,Slight,3830
2011,2,XE,Moderate,2364
2011,2,XE,Severe,2908
2011,2,YV,None,8294
2011,2,YV,Slight,780
2011,2,YV,Moderate,546
2011,2,YV,Severe,590
2011,3,9E,None,0
2011,3,9E,Slight,0
2011,3,9E,Moderate,0
2011,3,9E,Severe,0
2011,3,AA,None,36740
2011,3,AA,Slight,12330
2011,3,AA,Moderate,5436
2011,3,AA,Severe,4262
2011,3,AS,None,7806
2011,3,AS,Slight,1962
2011,3,AS,Moderate,772
2011,3,AS,Severe,796
2011,3,B6,None,11281
2011,3,B6,Slight,3998
2011,3,B6,Moderate,2480
2011,3,B6,Severe,2579
2011,3,CO,None,14727
2011,3,CO,Slight,9934
2011,3,CO,Moderate,3286
2011,3,CO,Severe,2088
2011,3,DH,None,0
2011,3,DH,Slight,0
2011,3,DH,Moderate,0
2011,3,DH,Severe,0
2011,3,DL,None,52873
2011,3,DL,Slight,17453
2011,3,DL,Moderate,9164
2011,3,DL,Severe,5328
2011,3,EV,None,13792
2011,3,EV,Slight,3786
2011,3,EV,Moderate,2981
2011,3,EV,Severe,3346
2011,3,F9,None,5328
2011,3,F9,Slight,2558
2011,3,F9,Moderate,1057
2011,3,F9,Severe,549
2011,3,FL,None,16977
2011,3,FL,Slight,3319
2011,3,FL,Moderate,1778
2011,3,FL,Severe,1344
2011,3,HA,None,356
2011,3,HA,Slight,140
2011,3,HA,Moderate,42
2011,3,HA,Severe,22
2011,3,HP,None,0
2011,3,HP,Slight,0
2011,3,HP,Moderate,0
2011,3,HP,Severe,0
2011,3,KH,None,0
2011,3,KH,Slight,0
2011,3,KH,Moderate,0
2011,3,KH,Severe,0
2011,3,MQ,None,26204
2011,3,MQ,Slight,6048
2011,3,MQ,Moderate,3637
2011,3,MQ,Severe,2701
2011,3,NW,None,0
2011,3,NW,Slight,0
2011,3,NW,Moderate,0
2011,3,NW,Severe,0
2011,3,OH,None,0
2011,3,OH,Slight,0
2011,3,OH,Moderate,0
2011,3,OH,Severe,0
2011,3,OO,None,34145
2011,3,OO,Slight,9227
2011,3,OO,Moderate,4779
2011,3,OO,Severe,4274
2011,3,TZ,None,0
2011,3,TZ,Slight,0
2011,3,TZ,Moderate,0
2011,3,TZ,Severe,0
2011,3,UA,None,27673
2011,3,UA,Slight,5723
2011,3,UA,Moderate,2822
2011,3,UA,Severe,2830
2011,3,US,None,31233
2011,3,US,Slight,7962
2011,3,US,Moderate,3088
2011,3,US,Severe,1845
2011,3,VX,None,0
2011,3,VX,Slight,0
2011,3,VX,Moderate,0
2011,3,VX,Severe,0
2011,3,WN,None,27379
2011,3,WN,Slight,24655
2011,3,WN,Moderate,10616
2011,3,WN,Severe,5606
2011,3,XE,None,21998
2011,3,XE,Slight,5016
2011,3,XE,Moderate,2908
2011,3,XE,Severe,3314
2011,3,YV,None,9747
2011,3,YV,Slight,1011
2011,3,YV,Moderate,709
2011,3,YV,Severe,676
2011,4,9E,None,0
2011,4,9E,Slight,0
2011,4,9E,Moderate,0
2011,4,9E,Severe,0
2011,4,AA,None,31621
2011,4,AA,Slight,12107
2011,4,AA,Moderate,6685
2011,4,AA,Severe,6412
2011,4,AS,None,8806
2011,4,AS,Slight,1592
2011,4,AS,Moderate,503
2011,4,AS,Severe,372
2011,4,B6,None,11082
2011,4,B6,Slight,3385
2011,4,B6,Moderate,2566
2011,4,B6,Severe,2834
2011,4,CO,None,13431
2011,4,CO,Slight,9012
2011,4,CO,Moderate,3659
2011,4,CO,Severe,2656
2011,4,DH,None,0
2011,4,DH,Slight,0
2011,4,DH,Moderate,0
2011,4,DH,Severe,0
2011,4,DL,None,51039
2011,4,DL,Slight,16345
2011,4,DL,Moderate,8511
2011,4,DL,Severe,5807
2011,4,EV,None,11984
2011,4,EV,Slight,3489
2011,4,EV,Moderate,2706
2011,4,EV,Severe,3295
2011,4,F9,None,5211
2011,4,F9,Slight,2246
2011,4,F9,Moderate,1012
2011,4,F9,Severe,514
2011,4,FL,None,15800
2011,4,FL,Slight,3487
2011,4,FL,Moderate,1879
2011,4,FL,Severe,1573
2011,4,HA,None,360
2011,4,HA,Slight,120
2011,4,HA,Moderate,39
2011,4,HA,Severe,20
2011,4,HP,None,0
2011,4,HP,Slight,0
2011,4,HP,Moderate,0
2011,4,HP,Severe,0
2011,4,KH,None,0
2011,4,KH,Slight,0
2011,4,KH,Moderate,0
2011,4,KH,Severe,0
2011,4,MQ,None,22989
2011,4,MQ,Slight,5884
2011,4,MQ,Moderate,4562
2011,4,MQ,Severe,4364
2011,4,NW,None,0
2011,4,NW,Slight,0
2011,4,NW,Moderate,0
2011,4,NW,Severe,0
2011,4,OH,None,0
2011,4,OH,Slight,0
2011,4,OH,Moderate,0
2011,4,OH,Severe,0
2011,4,OO,None,33673
2011,4,OO,Slight,8844
2011,4,OO,Moderate,4276
2011,4,OO,Severe,2848
2011,4,TZ,None,0
2011,4,TZ,Slight,0
2011,4,TZ,Moderate,0
2011,4,TZ,Severe,0
2011,4,UA,None,24353
2011,4,UA,Slight,5526
2011,4,UA,Moderate,2915
2011,4,UA,Severe,2795
2011,4,US,None,28442
2011,4,US,Slight,7565
2011,4,US,Moderate,3302
2011,4,US,Severe,2490
2011,4,VX,None,0
2011,4,VX,Slight,0
2011,4,VX,Moderate,0
2011,4,VX,Severe,0
2011,4,WN,None,26369
2011,4,WN,Slight,22863
2011,4,WN,Moderate,10968
2011,4,WN,Severe,6470
2011,4,XE,None,18701
2011,4,XE,Slight,4933
2011,4,XE,Moderate,3392
2011,4,XE,Severe,4094
2011,4,YV,None,9058
2011,4,YV,Slight,1217
2011,4,YV,Moderate,835
2011,4,YV,Severe,860
2011,5,9E,None,0
2011,5,9E,Slight,0
2011,5,9E,Moderate,0
2011,5,9E,Severe,0
2011,5,AA,None,30333
2011,5,AA,Slight,12212
2011,5,AA,Moderate,6286
2011,5,AA,Severe,7233
2011,5,AS,None,9147
2011,5,AS,Slight,1704
2011,5,AS,Moderate,553
2011,5,AS,Severe,377
2011,5,B6,None,12383
2011,5,B6,Slight,3433
2011,5,B6,Moderate,2199
2011,5,B6,Severe,2151
2011,5,CO,None,13755
2011,5,CO,Slight,10276
2011,5,CO,Moderate,3559
2011,5,CO,Severe,2185
2011,5,DH,None,0
2011,5,DH,Slight,0
2011,5,DH,Moderate,0
2011,5,DH,Severe,0
2011,5,DL,None,56434
2011,5,DL,Slight,16679
2011,5,DL,Moderate,7647
2011,5,DL,Severe,5046
2011,5,EV,None,13167
2011,5,EV,Slight,3536
2011,5,EV,Moderate,2340
2011,5,EV,Severe,2762
2011,5,F9,None,4946
2011,5,F9,Slight,2703
2011,5,F9,Moderate,1380
2011,5,F9,Severe,949
2011,5,FL,None,17966
2011,5,FL,Slight,3524
2011,5,FL,Moderate,1679
2011,5,FL,Severe,1535
2011,5,HA,None,394
2011,5,HA,Slight,138
2011,5,HA,Moderate,39
2011,5,HA,Severe,31
2011,5,HP,None,0
2011,5,HP,Slight,0
2011,5,HP,Moderate,0
2011,5,HP,Severe,0
2011,5,KH,None,0
2011,5,KH,Slight,0
2011,5,KH,Moderate,0
2011,5,KH,Severe,0
2011,5,MQ,None,23168
2011,5,MQ,Slight,6215
2011,5,MQ,Moderate,4798
2011,5,MQ,Severe,4593
2011,5,NW,None,0
2011,5,NW,Slight,0
2011,5,NW,Moderate,0
2011,5,NW,Severe,0
2011,5,OH,None,0
2011,5,OH,Slight,0
2011,5,OH,Moderate,0
2011,5,OH,Severe,0
2011,5,OO,None,34886
2011,5,OO,Slight,8329
2011,5,OO,Moderate,4060
2011,5,OO,Severe,3243
2011,5,TZ,None,0
2011,5,TZ,Slight,0
2011,5,TZ,Moderate,0
2011,5,TZ,Severe,0
2011,5,UA,None,23011
2011,5,UA,Slight,7143
2011,5,UA,Moderate,3234
2011,5,UA,Severe,3612
2011,5,US,None,27429
2011,5,US,Slight,9294
2011,5,US,Moderate,4312
2011,5,US,Severe,3081
2011,5,VX,None,0
2011,5,VX,Slight,0
2011,5,VX,Moderate,0
2011,5,VX,Severe,0
2011,5,WN,None,26229
2011,5,WN,Slight,23904
2011,5,WN,Moderate,11701
2011,5,WN,Severe,6576
2011,5,XE,None,19553
2011,5,XE,Slight,4999
2011,5,XE,Moderate,2860
2011,5,XE,Severe,3439
2011,5,YV,None,9076
2011,5,YV,Slight,1613
2011,5,YV,Moderate,721
2011,5,YV,Severe,820
2011,6,9E,None,0
2011,6,9E,Slight,0
2011,6,9E,Moderate,0
2011,6,9E,Severe,0
2011,6,AA,None,33350
2011,6,AA,Slight,13455
2011,6,AA,Moderate,6100
2011,6,AA,Severe,5130
2011,6,AS,None,9758
2011,6,AS,Slight,1667
2011,6,AS,Moderate,540
2011,6,AS,Severe,329
2011,6,B6,None,12097
2011,6,B6,Slight,3587
2011,6,B6,Moderate,2351
2011,6,B6,Severe,2453
2011,6,CO,None,13226
2011,6,CO,Slight,10792
2011,6,CO,Moderate,3978
2011,6,CO,Severe,2677
2011,6,DH,None,0
2011,6,DH,Slight,0
2011,6,DH,Moderate,0
2011,6,DH,Severe,0
2011,6,DL,None,53090
2011,6,DL,Slight,17706
2011,6,DL,Moderate,8991
2011,6,DL,Severe,7013
2011,6,EV,None,11743
2011,6,EV,Slight,3920
2011,6,EV,Moderate,3012
2011,6,EV,Severe,4289
2011,6,F9,None,5251
2011,6,F9,Slight,2880
2011,6,F9,Moderate,1396
2011,6,F9,Severe,813
2011,6,FL,None,17321
2011,6,FL,Slight,4300
2011,6,FL,Moderate,2178
2011,6,FL,Severe,2065
2011,6,HA,None,346
2011,6,HA,Slight,164
2011,6,HA,Moderate,39
2011,6,HA,Severe,32
2011,6,HP,None,0
2011,6,HP,Slight,0
2011,6,HP,Moderate,0
2011,6,HP,Severe,0
2011,6,KH,None,0
2011,6,KH,Slight,0
2011,6,KH,Moderate,0
2011,6,KH,Severe,0
2011,6,MQ,None,24818
2011,6,MQ,Slight,6650
2011,6,MQ,Moderate,4137
2011,6,MQ,Severe,3265
2011,6,NW,None,0
2011,6,NW,Slight,0
2011,6,NW,Moderate,0
2011,6,NW,Severe,0
2011,6,OH,None,0
2011,6,OH,Slight,0
2011,6,OH,Moderate,0
2011,6,OH,Severe,0
2011,6,OO,None,33414
2011,6,OO,Slight,10076
2011,6,OO,Moderate,5310
2011,6,OO,Severe,4135
2011,6,TZ,None,0
2011,6,TZ,Slight,0
2011,6,TZ,Moderate,0
2011,6,TZ,Severe,0
2011,6,UA,None,22436
2011,6,UA,Slight,8005
2011,6,UA,Moderate,3977
2011,6,UA,Severe,4584
2011,6,US,None,25989
2011,6,US,Slight,9025
2011,6,US,Moderate,4269
2011,6,US,Severe,3561
2011,6,VX,None,0
2011,6,VX,Slight,0
2011,6,VX,Moderate,0
2011,6,VX,Severe,0
2011,6,WN,None,28709
2011,6,WN,Slight,25225
2011,6,WN,Moderate,10232
2011,6,WN,Severe,5323
2011,6,XE,None,19114
2011,6,XE,Slight,5937
2011,6,XE,Moderate,3436
2011,6,XE,Severe,3637
2011,6,YV,None,8748
2011,6,YV,Slight,1392
2011,6,YV,Moderate,862
2011,6,YV,Severe,1142
2011,7,9E,None,0
2011,7,9E,Slight,0
2011,7,9E,Moderate,0
2011,7,9E,Severe,0
2011,7,AA,None,34879
2011,7,AA,Slight,13123
2011,7,AA,Moderate,6467
2011,7,AA,Severe,5582
2011,7,AS,None,9779
2011,7,AS,Slight,1860
2011,7,AS,Moderate,641
2011,7,AS,Severe,476
2011,7,B6,None,12952
2011,7,B6,Slight,4114
2011,7,B6,Moderate,2407
2011,7,B6,Severe,2593
2011,7,CO,None,12718
2011,7,CO,Slight,11549
2011,7,CO,Moderate,4307
2011,7,CO,Severe,2729
2011,7,DH,None,0
2011,7,DH,Slight,0
2011,7,DH,Moderate,0
2011,7,DH,Severe,0
2011,7,DL,None,55349
2011,7,DL,Slight,18257
2011,7,DL,Moderate,9157
2011,7,DL,Severe,7691
2011,7,EV,None,13761
2011,7,EV,Slight,4095
2011,7,EV,Moderate,3052
2011,7,EV,Severe,4330
2011,7,F9,None,5087
2011,7,F9,Slight,3063
2011,7,F9,Moderate,1347
2011,7,F9,Severe,1069
2011,7,FL,None,18493
2011,7,FL,Slight,4241
2011,7,FL,Moderate,2097
2011,7,FL,Severe,1974
2011,7,HA,None,339
2011,7,HA,Slight,144
2011,7,HA,Moderate,50
2011,7,HA,Severe,28
2011,7,HP,None,0
2011,7,HP,Slight,0
2011,7,HP,Moderate,0
2011,7,HP,Severe,0
2011,7,KH,None,0
2011,7,KH,Slight,0
2011,7,KH,Moderate,0
2011,7,KH,Severe,0
2011,7,MQ,None,26007
2011,7,MQ,Slight,6821
2011,7,MQ,Moderate,4428
2011,7,MQ,Severe,3108
2011,7,NW,None,0
2011,7,NW,Slight,0
2011,7,NW,Moderate,0
2011,7,NW,Severe,0
2011,7,OH,None,0
2011,7,OH,Slight,0
2011,7,OH,Moderate,0
2011,7,OH,Severe,0
2011,7,OO,None,33681
2011,7,OO,Slight,10309
2011,7,OO,Moderate,5665
2011,7,OO,Severe,5779
2011,7,TZ,None,0
2011,7,TZ,Slight,0
2011,7,TZ,Moderate,0
2011,7,TZ,Severe,0
2011,7,UA,None,22283
2011,7,UA,Slight,8280
2011,7,UA,Moderate,4322
2011,7,UA,Severe,5457
2011,7,US,None,27423
2011,7,US,Slight,9007
2011,7,US,Moderate,3904
2011,7,US,Severe,3464
2011,7,VX,None,0
2011,7,VX,Slight,0
2011,7,VX,Moderate,0
2011,7,VX,Severe,0
2011,7,WN,None,32873
2011,7,WN,Slight,23980
2011,7,WN,Moderate,8391
2011,7,WN,Severe,5660
2011,7,XE,None,20063
2011,7,XE,Slight,6268
2011,7,XE,Moderate,3885
2011,7,XE,Severe,4144
2011,7,YV,None,8948
2011,7,YV,Slight,1299
2011,7,YV,Moderate,909
2011,7,YV,Severe,1381
2011,8,9E,None,0
2011,8,9E,Slight,0
2011,8,9E,Moderate,0
2011,8,9E,Severe,0
2011,8,AA,None,35037
2011,8,AA,Slight,12485
2011,8,AA,Moderate,6029
2011,8,AA,Severe,5390
2011,8,AS,None,9835
2011,8,AS,Slight,1889
2011,8,AS,Moderate,554
2011,8,AS,Severe,442
2011,8,B6,None,10155
2011,8,B6,Slight,3903
2011,8,B6,Moderate,2720
2011,8,B6,Severe,3733
2011,8,CO,None,12570
2011,8,CO,Slight,11391
2011,8,CO,Moderate,3866
2011,8,CO,Severe,2755
2011,8,DH,None,0
2011,8,DH,Slight,0
2011,8,DH,Moderate,0
2011,8,DH,Severe,0
2011,8,DL,None,57680
2011,8,DL,Slight,17471
2011,8,DL,Moderate,7574
2011,8,DL,Severe,5642
2011,8,EV,None,15972
2011,8,EV,Slight,3497
2011,8,EV,Moderate,2303
2011,8,EV,Severe,2672
2011,8,F9,None,6345
2011,8,F9,Slight,3016
2011,8,F9,Moderate,1088
2011,8,F9,Severe,517
2011,8,FL,None,19063
2011,8,FL,Slight,3850
2011,8,FL,Moderate,1811
2011,8,FL,Severe,1561
2011,8,HA,None,344
2011,8,HA,Slight,152
2011,8,HA,Moderate,35
2011,8,HA,Severe,27
2011,8,HP,None,0
2011,8,HP,Slight,0
2011,8,HP,Moderate,0
2011,8,HP,Severe,0
2011,8,KH,None,0
2011,8,KH,Slight,0
2011,8,KH,Moderate,0
2011,8,KH,Severe,0
2011,8,MQ,None,26797
2011,8,MQ,Slight,6448
2011,8,MQ,Moderate,3938
2011,8,MQ,Severe,2799
2011,8,NW,None,0
2011,8,NW,Slight,0
2011,8,NW,Moderate,0
2011,8,NW,Severe,0
2011,8,OH,None,0
2011,8,OH,Slight,0
2011,8,OH,Moderate,0
2011,8,OH,Severe,0
2011,8,OO,None,37635
2011,8,OO,Slight,9484
2011,8,OO,Moderate,4878
2011,8,OO,Severe,4494
2011,8,TZ,None,0
2011,8,TZ,Slight,0
2011,8,TZ,Moderate,0
2011,8,TZ,Severe,0
2011,8,UA,None,24680
2011,8,UA,Slight,7591
2011,8,UA,Moderate,3666
2011,8,UA,Severe,3910
2011,8,US,None,27165
2011,8,US,Slight,8145
2011,8,US,Moderate,3768
2011,8,US,Severe,3158
2011,8,VX,None,0
2011,8,VX,Slight,0
2011,8,VX,Moderate,0
2011,8,VX,Severe,0
2011,8,WN,None,31043
2011,8,WN,Slight,23886
2011,8,WN,Moderate,8614
2011,8,WN,Severe,5262
2011,8,XE,None,22816
2011,8,XE,Slight,5403
2011,8,XE,Moderate,2840
2011,8,XE,Severe,2802
2011,8,YV,None,9479
2011,8,YV,Slight,1302
2011,8,YV,Moderate,727
2011,8,YV,Severe,990
2011,9,9E,None,0
2011,9,9E,Slight,0
2011,9,9E,Moderate,0
2011,9,9E,Severe,0
2011,9,AA,None,36850
2011,9,AA,Slight,10903
2011,9,AA,Moderate,4643
2011,9,AA,Severe,3728
2011,9,AS,None,9267
2011,9,AS,Slight,1547
2011,9,AS,Moderate,433
2011,9,AS,Severe,263
2011,9,B6,None,12988
2011,9,B6,Slight,2835
2011,9,B6,Moderate,1841
2011,9,B6,Severe,1790
2011,9,CO,None,16053
2011,9,CO,Slight,8748
2011,9,CO,Moderate,2287
2011,9,CO,Severe,1329
2011,9,DH,None,0
2011,9,DH,Slight,0
2011,9,DH,Moderate,0
2011,9,DH,Severe,0
2011,9,DL,None,59969
2011,9,DL,Slight,13159
2011,9,DL,Moderate,4755
2011,9,DL,Severe,3344
2011,9,EV,None,15771
2011,9,EV,Slight,3125
2011,9,EV,Moderate,1800
2011,9,EV,Severe,1792
2011,9,F9,None,6474
2011,9,F9,Slight,2513
2011,9,F9,Moderate,729
2011,9,F9,Severe,348
2011,9,FL,None,18134
2011,9,FL,Slight,2390
2011,9,FL,Moderate,950
2011,9,FL,Severe,908
2011,9,HA,None,359
2011,9,HA,Slight,92
2011,9,HA,Moderate,21
2011,9,HA,Severe,31
2011,9,HP,None,0
2011,9,HP,Slight,0
2011,9,HP,Moderate,0
2011,9,HP,Severe,0
2011,9,KH,None,0
2011,9,KH,Slight,0
2011,9,KH,Moderate,0
2011,9,KH,Severe,0
2011,9,MQ,None,29021
2011,9,MQ,Slight,5137
2011,9,MQ,Moderate,2677
2011,9,MQ,Severe,1776
2011,9,NW,None,0
2011,9,NW,Slight,0
2011,9,NW,Moderate,0
2011,9,NW,Severe,0
2011,9,OH,None,0
2011,9,OH,Slight,0
2011,9,OH,Moderate,0
2011,9,OH,Severe,0
2011,9,OO,None,37103
2011,9,OO,Slight,7254
2011,9,OO,Moderate,3603
2011,9,OO,Severe,2652
2011,9,TZ,None,0
2011,9,TZ,Slight,0
2011,9,TZ,Moderate,0
2011,9,TZ,Severe,0
2011,9,UA,None,24704
2011,9,UA,Slight,6143
2011,9,UA,Moderate,2609
2011,9,UA,Severe,2063
2011,9,US,None,28935
2011,9,US,Slight,6947
2011,9,US,Moderate,2814
2011,9,US,Severe,1881
2011,9,VX,None,0
2011,9,VX,Slight,0
2011,9,VX,Moderate,0
2011,9,VX,Severe,0
2011,9,WN,None,31108
2011,9,WN,Slight,21380
2011,9,WN,Moderate,7684
2011,9,WN,Severe,4268
2011,9,XE,None,20782
2011,9,XE,Slight,4558
2011,9,XE,Moderate,2534
2011,9,XE,Severe,2552
2011,9,YV,None,8898
2011,9,YV,Slight,966
2011,9,YV,Moderate,602
2011,9,YV,Severe,692
2011,10,9E,None,0
2011,10,9E,Slight,0
2011,10,9E,Moderate,0
2011,10,9E,Severe,0
2011,10,AA,None,37196
2011,10,AA,Slight,12160
2011,10,AA,Moderate,4779
2011,10,AA,Severe,3231
2011,10,AS,None,9468
2011,10,AS,Slight,1436
2011,10,AS,Moderate,442
2011,10,AS,Severe,283
2011,10,B6,None,12704
2011,10,B6,Slight,3378
2011,10,B6,Moderate,1975
2011,10,B6,Severe,1869
2011,10,CO,None,15706
2011,10,CO,Slight,10276
2011,10,CO,Moderate,2548
2011,10,CO,Severe,1576
2011,10,DH,None,0
2011,10,DH,Slight,0
2011,10,DH,Moderate,0
2011,10,DH,Severe,0
2011,10,DL,None,62598
2011,10,DL,Slight,13699
2011,10,DL,Moderate,4819
2011,10,DL,Severe,2657
2011,10,EV,None,17233
2011,10,EV,Slight,2993
2011,10,EV,Moderate,1673
2011,10,EV,Severe,1767
2011,10,F9,None,6141
2011,10,F9,Slight,2690
2011,10,F9,Moderate,779
2011,10,F9,Severe,394
2011,10,FL,None,18169
2011,10,FL,Slight,3347
2011,10,FL,Moderate,1199
2011,10,FL,Severe,534
2011,10,HA,None,358
2011,10,HA,Slight,109
2011,10,HA,Moderate,25
2011,10,HA,Severe,28
2011,10,HP,None,0
2011,10,HP,Slight,0
2011,10,HP,Moderate,0
2011,10,HP,Severe,0
2011,10,KH,None,0
2011,10,KH,Slight,0
2011,10,KH,Moderate,0
2011,10,KH,Severe,0
2011,10,MQ,None,30138
2011,10,MQ,Slight,5367
2011,10,MQ,Moderate,2718
2011,10,MQ,Severe,1642
2011,10,NW,None,0
2011,10,NW,Slight,0
2011,10,NW,Moderate,0
2011,10,NW,Severe,0
2011,10,OH,None,0
2011,10,OH,Slight,0
2011,10,OH,Moderate,0
2011,10,OH,Severe,0
2011,10,OO,None,37989
2011,10,OO,Slight,7332
2011,10,OO,Moderate,3354
2011,10,OO,Severe,2672
2011,10,TZ,None,0
2011,10,TZ,Slight,0
2011,10,TZ,Moderate,0
2011,10,TZ,Severe,0
2011,10,UA,None,24546
2011,10,UA,Slight,6929
2011,10,UA,Moderate,2750
2011,10,UA,Severe,1983
2011,10,US,None,31854
2011,10,US,Slight,7382
2011,10,US,Moderate,2521
2011,10,US,Severe,1465
2011,10,VX,None,0
2011,10,VX,Slight,0
2011,10,VX,Moderate,0
2011,10,VX,Severe,0
2011,10,WN,None,32821
2011,10,WN,Slight,22910
2011,10,WN,Moderate,7867
2011,10,WN,Severe,3357
2011,10,XE,None,21855
2011,10,XE,Slight,4314
2011,10,XE,Moderate,2348
2011,10,XE,Severe,2312
2011,10,YV,None,9242
2011,10,YV,Slight,1077
2011,10,YV,Moderate,599
2011,10,YV,Severe,555
2011,11,9E,None,0
2011,11,9E,Slight,0
2011,11,9E,Moderate,0
2011,11,9E,Severe,0
2011,11,AA,None,34152
2011,11,AA,Slight,11129
2011,11,AA,Moderate,4648
2011,11,AA,Severe,3275
2011,11,AS,None,8023
2011,11,AS,Slight,1641
2011,11,AS,Moderate,585
2011,11,AS,Severe,469
2011,11,B6,None,13664
2011,11,B6,Slight,3167
2011,11,B6,Moderate,1539
2011,11,B6,Severe,1174
2011,11,CO,None,15093
2011,11,CO,Slight,10268
2011,11,CO,Moderate,2864
2011,11,CO,Severe,1315
2011,11,DH,None,0
2011,11,DH,Slight,0
2011,11,DH,Moderate,0
2011,11,DH,Severe,0
2011,11,DL,None,58045
2011,11,DL,Slight,13933
2011,11,DL,Moderate,5111
2011,11,DL,Severe,2589
2011,11,EV,None,15101
2011,11,EV,Slight,2739
2011,11,EV,Moderate,1764
2011,11,EV,Severe,1825
2011,11,F9,None,5505
2011,11,F9,Slight,2839
2011,11,F9,Moderate,889
2011,11,F9,Severe,340
2011,11,FL,None,17251
2011,11,FL,Slight,3231
2011,11,FL,Moderate,1198
2011,11,FL,Severe,624
2011,11,HA,None,371
2011,11,HA,Slight,110
2011,11,HA,Moderate,32
2011,11,HA,Severe,24
2011,11,HP,None,0
2011,11,HP,Slight,0
2011,11,HP,Moderate,0
2011,11,HP,Severe,0
2011,11,KH,None,0
2011,11,KH,Slight,0
2011,11,KH,Moderate,0
2011,11,KH,Severe,0
2011,11,MQ,None,27044
2011,11,MQ,Slight,5468
2011,11,MQ,Moderate,3008
2011,11,MQ,Severe,1886
2011,11,NW,None,0
2011,11,NW,Slight,0
2011,11,NW,Moderate,0
2011,11,NW,Severe,0
2011,11,OH,None,0
2011,11,OH,Slight,0
2011,11,OH,Moderate,0
2011,11,OH,Severe,0
2011,11,OO,None,33126
2011,11,OO,Slight,7740
2011,11,OO,Moderate,3567
2011,11,OO,Severe,3507
2011,11,TZ,None,0
2011,11,TZ,Slight,0
2011,11,TZ,Moderate,0
2011,11,TZ,Severe,0
2011,11,UA,None,21934
2011,11,UA,Slight,6403
2011,11,UA,Moderate,2529
2011,11,UA,Severe,2179
2011,11,US,None,30591
2011,11,US,Slight,7704
2011,11,US,Moderate,2308
2011,11,US,Severe,1379
2011,11,VX,None,0
2011,11,VX,Slight,0
2011,11,VX,Moderate,0
2011,11,VX,Severe,0
2011,11,WN,None,32879
2011,11,WN,Slight,20273
2011,11,WN,Moderate,6370
2011,11,WN,Severe,2861
2011,11,XE,None,20728
2011,11,XE,Slight,3919
2011,11,XE,Moderate,2183
2011,11,XE,Severe,2470
2011,11,YV,None,8201
2011,11,YV,Slight,865
2011,11,YV,Moderate,451
2011,11,YV,Severe,470
2011,12,9E,None,0
2011,12,9E,Slight,0
2011,12,9E,Moderate,0
2011,12,9E,Severe,0
2011,12,AA,None,33947
2011,12,AA,Slight,12254
2011,12,AA,Moderate,5025
2011,12,AA,Severe,3149
2011,12,AS,None,7953
2011,12,AS,Slight,1998
2011,12,AS,Moderate,537
2011,12,AS,Severe,363
2011,12,B6,None,14058
2011,12,B6,Slight,3504
2011,12,B6,Moderate,1730
2011,12,B6,Severe,1440
2011,12,CO,None,13367
2011,12,CO,Slight,11474
2011,12,CO,Moderate,3831
2011,12,CO,Severe,1758
2011,12,DH,None,0
2011,12,DH,Slight,0
2011,12,DH,Moderate,0
2011,12,DH,Severe,0
2011,12,DL,None,57481
2011,12,DL,Slight,13367
2011,12,DL,Moderate,4916
2011,12,DL,Severe,3233
2011,12,EV,None,15300
2011,12,EV,Slight,2687
2011,12,EV,Moderate,1747
2011,12,EV,Severe,2005
2011,12,F9,None,4471
2011,12,F9,Slight,3004
2011,12,F9,Moderate,1465
2011,12,F9,Severe,813
2011,12,FL,None,18474
2011,12,FL,Slight,2039
2011,12,FL,Moderate,817
2011,12,FL,Severe,545
2011,12,HA,None,327
2011,12,HA,Slight,158
2011,12,HA,Moderate,48
2011,12,HA,Severe,19
2011,12,HP,None,0
2011,12,HP,Slight,0
2011,12,HP,Moderate,0
2011,12,HP,Severe,0
2011,12,KH,None,0
2011,12,KH,Slight,0
2011,12,KH,Moderate,0
2011,12,KH,Severe,0
2011,12,MQ,None,27210
2011,12,MQ,Slight,5352
2011,12,MQ,Moderate,3241
2011,12,MQ,Severe,2007
2011,12,NW,None,0
2011,12,NW,Slight,0
2011,12,NW,Moderate,0
2011,12,NW,Severe,0
2011,12,OH,None,0
2011,12,OH,Slight,0
2011,12,OH,Moderate,0
2011,12,OH,Severe,0
2011,12,OO,None,33496
2011,12,OO,Slight,8759
2011,12,OO,Moderate,4348
2011,12,OO,Severe,3613
2011,12,TZ,None,0
2011,12,TZ,Slight,0
2011,12,TZ,Moderate,0
2011,12,TZ,Severe,0
2011,12,UA,None,21219
2011,12,UA,Slight,7946
2011,12,UA,Moderate,3175
2011,12,UA,Severe,2075
2011,12,US,None,30306
2011,12,US,Slight,7856
2011,12,US,Moderate,2330
2011,12,US,Severe,1279
2011,12,VX,None,0
2011,12,VX,Slight,0
2011,12,VX,Moderate,0
2011,12,VX,Severe,0
2011,12,WN,None,32970
2011,12,WN,Slight,21026
2011,12,WN,Moderate,7072
2011,12,WN,Severe,3237
2011,12,XE,None,19973
2011,12,XE,Slight,5631
2011,12,XE,Moderate,3030
2011,12,XE,Severe,3653
2011,12,YV,None,9205
2011,12,YV,Slight,1188
2011,12,YV,Moderate,638
2011,12,YV,Severe,475
2012,1,9E,None,0
2012,1,9E,Slight,0
2012,1,9E,Moderate,0
2012,1,9E,Severe,0
2012,1,AA,None,37318
2012,1,AA,Slight,10106
2012,1,AA,Moderate,4457
2012,1,AA,Severe,2985
2012,1,AS,None,7317
2012,1,AS,Slight,1571
2012,1,AS,Moderate,711
2012,1,AS,Severe,667
2012,1,B6,None,12957
2012,1,B6,Slight,3294
2012,1,B6,Moderate,1846
2012,1,B6,Severe,1377
2012,1,CO,None,0
2012,1,CO,Slight,0
2012,1,CO,Moderate,0
2012,1,CO,Severe,0
2012,1,DH,None,0
2012,1,DH,Slight,0
2012,1,DH,Moderate,0
2012,1,DH,Severe,0
2012,1,DL,None,56272
2012,1,DL,Slight,11865
2012,1,DL,Moderate,4811
2012,1,DL,Severe,3238
2012,1,EV,None,35735
2012,1,EV,Slight,7225
2012,1,EV,Moderate,4662
2012,1,EV,Severe,5027
2012,1,F9,None,4468
2012,1,F9,Slight,2621
2012,1,F9,Moderate,1233
2012,1,F9,Severe,568
2012,1,FL,None,16948
2012,1,FL,Slight,2023
2012,1,FL,Moderate,928
2012,1,FL,Severe,600
2012,1,HA,None,362
2012,1,HA,Slight,113
2012,1,HA,Moderate,31
2012,1,HA,Severe,32
2012,1,HP,None,0
2012,1,HP,Slight,0
2012,1,HP,Moderate,0
2012,1,HP,Severe,0
2012,1,KH,None,0
2012,1,KH,Slight,0
2012,1,KH,Moderate,0
2012,1,KH,Severe,0
2012,1,MQ,None,28259
2012,1,MQ,Slight,4629
2012,1,MQ,Moderate,2773
2012,1,MQ,Severe,2037
2012,1,NW,None,0
2012,1,NW,Slight,0
2012,1,NW,Moderate,0
2012,1,NW,Severe,0
2012,1,OH,None,0
2012,1,OH,Slight,0
2012,1,OH,Moderate,0
2012,1,OH,Severe,0
2012,1,OO,None,35886
2012,1,OO,Slight,7366
2012,1,OO,Moderate,3981
2012,1,OO,Severe,3397
2012,1,TZ,None,0
2012,1,TZ,Slight,0
2012,1,TZ,Moderate,0
2012,1,TZ,Severe,0
2012,1,UA,None,35073
2012,1,UA,Slight,15758
2012,1,UA,Moderate,5553
2012,1,UA,Severe,3764
2012,1,US,None,30079
2012,1,US,Slight,7608
2012,1,US,Moderate,3001
2012,1,US,Severe,1684
2012,1,VX,None,4502
2012,1,VX,Slight,1444
2012,1,VX,Moderate,505
2012,1,VX,Severe,722
2012,1,WN,None,34117
2012,1,WN,Slight,18551
2012,1,WN,Moderate,6541
2012,1,WN,Severe,3458
2012,1,XE,None,0
2012,1,XE,Slight,0
2012,1,XE,Moderate,0
2012,1,XE,Severe,0
2012,1,YV,None,7767
2012,1,YV,Slight,1196
2012,1,YV,Moderate,847
2012,1,YV,Severe,571
2012,2,9E,None,0
2012,2,9E,Slight,0
2012,2,9E,Moderate,0
2012,2,9E,Severe,0
2012,2,AA,None,38064
2012,2,AA,Slight,8994
2012,2,AA,Moderate,3504
2012,2,AA,Severe,2364
2012,2,AS,None,7984
2012,2,AS,Slight,1361
2012,2,AS,Moderate,438
2012,2,AS,Severe,314
2012,2,B6,None,13572
2012,2,B6,Slight,2915
2012,2,B6,Moderate,1569
2012,2,B6,Severe,1045
2012,2,CO,None,0
2012,2,CO,Slight,0
2012,2,CO,Moderate,0
2012,2,CO,Severe,0
2012,2,DH,None,0
2012,2,DH,Slight,0
2012,2,DH,Moderate,0
2012,2,DH,Severe,0
2012,2,DL,None,54927
2012,2,DL,Slight,11074
2012,2,DL,Moderate,3903
2012,2,DL,Severe,2277
2012,2,EV,None,33707
2012,2,EV,Slight,7296
2012,2,EV,Moderate,4564
2012,2,EV,Severe,4894
2012,2,F9,None,3661
2012,2,F9,Slight,2532
2012,2,F9,Moderate,1301
2012,2,F9,Severe,732
2012,2,FL,None,16125
2012,2,FL,Slight,1884
2012,2,FL,Moderate,727
2012,2,FL,Severe,361
2012,2,HA,None,358
2012,2,HA,Slight,98
2012,2,HA,Moderate,25
2012,2,HA,Severe,23
2012,2,HP,None,0
2012,2,HP,Slight,0
2012,2,HP,Moderate,0
2012,2,HP,Severe,0
2012,2,KH,None,0
2012,2,KH,Slight,0
2012,2,KH,Moderate,0
2012,2,KH,Severe,0
2012,2,MQ,None,28612
2012,2,MQ,Slight,4545
2012,2,MQ,Moderate,2478
2012,2,MQ,Severe,1436
2012,2,NW,None,0
2012,2,NW,Slight,0
2012,2,NW,Moderate,0
2012,2,NW,Severe,0
2012,2,OH,None,0
2012,2,OH,Slight,0
2012,2,OH,Moderate,0
2012,2,OH,Severe,0
2012,2,OO,None,35249
2012,2,OO,Slight,7419
2012,2,OO,Moderate,3627
2012,2,OO,Severe,2520
2012,2,TZ,None,0
2012,2,TZ,Slight,0
2012,2,TZ,Moderate,0
2012,2,TZ,Severe,0
2012,2,UA,None,33997
2012,2,UA,Slight,16110
2012,2,UA,Moderate,5439
2012,2,UA,Severe,3168
2012,2,US,None,31524
2012,2,US,Slight,6189
2012,2,US,Moderate,1775
2012,2,US,Severe,1101
2012,2,VX,None,4735
2012,2,VX,Slight,1469
2012,2,VX,Moderate,353
2012,2,VX,Severe,187
2012,2,WN,None,35289
2012,2,WN,Slight,17601
2012,2,WN,Moderate,5298
2012,2,WN,Severe,2355
2012,2,XE,None,0
2012,2,XE,Slight,0
2012,2,XE,Moderate,0
2012,2,XE,Severe,0
2012,2,YV,None,7913
2012,2,YV,Slight,901
2012,2,YV,Moderate,446
2012,2,YV,Severe,411
2012,3,9E,None,0
2012,3,9E,Slight,0
2012,3,9E,Moderate,0
2012,3,9E,Severe,0
2012,3,AA,None,38633
2012,3,AA,Slight,10018
2012,3,AA,Moderate,5034
2012,3,AA,Severe,4507
2012,3,AS,None,8186
2012,3,AS,Slight,1878
2012,3,AS,Moderate,766
2012,3,AS,Severe,524
2012,3,B6,None,13802
2012,3,B6,Slight,3916
2012,3,B6,Moderate,2239
2012,3,B6,Severe,1709
2012,3,CO,None,0
2012,3,CO,Slight,0
2012,3,CO,Moderate,0
2012,3,CO,Severe,0
2012,3,DH,None,0
2012,3,DH,Slight,0
2012,3,DH,Moderate,0
2012,3,DH,Severe,0
2012,3,DL,None,57500
2012,3,DL,Slight,15275
2012,3,DL,Moderate,6552
2012,3,DL,Severe,3729
2012,3,EV,None,33060
2012,3,EV,Slight,9044
2012,3,EV,Moderate,6447
2012,3,EV,Severe,7690
2012,3,F9,None,5086
2012,3,F9,Slight,2541
2012,3,F9,Moderate,1127
2012,3,F9,Severe,572
2012,3,FL,None,16837
2012,3,FL,Slight,2241
2012,3,FL,Moderate,889
2012,3,FL,Severe,471
2012,3,HA,None,357
2012,3,HA,Slight,133
2012,3,HA,Moderate,50
2012,3,HA,Severe,34
2012,3,HP,None,0
2012,3,HP,Slight,0
2012,3,HP,Moderate,0
2012,3,HP,Severe,0
2012,3,KH,None,0
2012,3,KH,Slight,0
2012,3,KH,Moderate,0
2012,3,KH,Severe,0
2012,3,MQ,None,29528
2012,3,MQ,Slight,4717
2012,3,MQ,Moderate,3070
2012,3,MQ,Severe,2411
2012,3,NW,None,0
2012,3,NW,Slight,0
2012,3,NW,Moderate,0
2012,3,NW,Severe,0
2012,3,OH,None,0
2012,3,OH,Slight,0
2012,3,OH,Moderate,0
2012,3,OH,Severe,0
2012,3,OO,None,37097
2012,3,OO,Slight,10062
2012,3,OO,Moderate,4774
2012,3,OO,Severe,4326
2012,3,TZ,None,0
2012,3,TZ,Slight,0
2012,3,TZ,Moderate,0
2012,3,TZ,Severe,0
2012,3,UA,None,26756
2012,3,UA,Slight,24266
2012,3,UA,Moderate,9649
2012,3,UA,Severe,5412
2012,3,US,None,33296
2012,3,US,Slight,7223
2012,3,US,Moderate,2441
2012,3,US,Severe,1403
2012,3,VX,None,4105
2012,3,VX,Slight,1682
2012,3,VX,Moderate,760
2012,3,VX,Severe,1107
2012,3,WN,None,35525
2012,3,WN,Slight,22022
2012,3,WN,Moderate,7827
2012,3,WN,Severe,3591
2012,3,XE,None,0
2012,3,XE,Slight,0
2012,3,XE,Moderate,0
2012,3,XE,Severe,0
2012,3,YV,None,7839
2012,3,YV,Slight,1379
2012,3,YV,Moderate,607
2012,3,YV,Severe,592
2012,4,9E,None,0
2012,4,9E,Slight,0
2012,4,9E,Moderate,0
2012,4,9E,Severe,0
2012,4,AA,None,37797
2012,4,AA,Slight,9815
2012,4,AA,Moderate,3576
2012,4,AA,Severe,3853
2012,4,AS,None,8876
2012,4,AS,Slight,1499
2012,4,AS,Moderate,536
2012,4,AS,Severe,353
2012,4,B6,None,15200
2012,4,B6,Slight,3066
2012,4,B6,Moderate,1590
2012,4,B6,Severe,1192
2012,4,CO,None,0
2012,4,CO,Slight,0
2012,4,CO,Moderate,0
2012,4,CO,Severe,0
2012,4,DH,None,0
2012,4,DH,Slight,0
2012,4,DH,Moderate,0
2012,4,DH,Severe,0
2012,4,DL,None,62321
2012,4,DL,Slight,12761
2012,4,DL,Moderate,4163
2012,4,DL,Severe,2408
2012,4,EV,None,37795
2012,4,EV,Slight,7940
2012,4,EV,Moderate,4645
2012,4,EV,Severe,4478
2012,4,F9,None,5019
2012,4,F9,Slight,2366
2012,4,F9,Moderate,910
2012,4,F9,Severe,417
2012,4,FL,None,17605
2012,4,FL,Slight,1944
2012,4,FL,Moderate,639
2012,4,FL,Severe,331
2012,4,HA,None,345
2012,4,HA,Slight,118
2012,4,HA,Moderate,37
2012,4,HA,Severe,22
2012,4,HP,None,0
2012,4,HP,Slight,0
2012,4,HP,Moderate,0
2012,4,HP,Severe,0
2012,4,KH,None,0
2012,4,KH,Slight,0
2012,4,KH,Moderate,0
2012,4,KH,Severe,0
2012,4,MQ,None,31664
2012,4,MQ,Slight,4756
2012,4,MQ,Moderate,2782
2012,4,MQ,Severe,2014
2012,4,NW,None,0
2012,4,NW,Slight,0
2012,4,NW,Moderate,0
2012,4,NW,Severe,0
2012,4,OH,None,0
2012,4,OH,Slight,0
2012,4,OH,Moderate,0
2012,4,OH,Severe,0
2012,4,OO,None,38430
2012,4,OO,Slight,8341
2012,4,OO,Moderate,3766
2012,4,OO,Severe,2796
2012,4,TZ,None,0
2012,4,TZ,Slight,0
2012,4,TZ,Moderate,0
2012,4,TZ,Severe,0
2012,4,UA,None,32051
2012,4,UA,Slight,20196
2012,4,UA,Moderate,7308
2012,4,UA,Severe,4027
2012,4,US,None,33717
2012,4,US,Slight,5653
2012,4,US,Moderate,1762
2012,4,US,Severe,1060
2012,4,VX,None,5038
2012,4,VX,Slight,1650
2012,4,VX,Moderate,524
2012,4,VX,Severe,471
2012,4,WN,None,37357
2012,4,WN,Slight,20562
2012,4,WN,Moderate,6771
2012,4,WN,Severe,3347
2012,4,XE,None,0
2012,4,XE,Slight,0
2012,4,XE,Moderate,0
2012,4,XE,Severe,0
2012,4,YV,None,7777
2012,4,YV,Slight,1162
2012,4,YV,Moderate,492
2012,4,YV,Severe,385
2012,5,9E,None,0
2012,5,9E,Slight,0
2012,5,9E,Moderate,0
2012,5,9E,Severe,0
2012,5,AA,None,38174
2012,5,AA,Slight,10617
2012,5,AA,Moderate,4911
2012,5,AA,Severe,4806
2012,5,AS,None,9716
2012,5,AS,Slight,1418
2012,5,AS,Moderate,454
2012,5,AS,Severe,357
2012,5,B6,None,14536
2012,5,B6,Slight,2940
2012,5,B6,Moderate,1782
2012,5,B6,Severe,1506
2012,5,CO,None,0
2012,5,CO,Slight,0
2012,5,CO,Moderate,0
2012,5,CO,Severe,0
2012,5,DH,None,0
2012,5,DH,Slight,0
2012,5,DH,Moderate,0
2012,5,DH,Severe,0
2012,5,DL,None,60418
2012,5,DL,Slight,13715
2012,5,DL,Moderate,5898
2012,5,DL,Severe,3921
2012,5,EV,None,35742
2012,5,EV,Slight,8588
2012,5,EV,Moderate,5102
2012,5,EV,Severe,5900
2012,5,F9,None,5275
2012,5,F9,Slight,2815
2012,5,F9,Moderate,1094
2012,5,F9,Severe,342
2012,5,FL,None,16295
2012,5,FL,Slight,2938
2012,5,FL,Moderate,1234
2012,5,FL,Severe,851
2012,5,HA,None,367
2012,5,HA,Slight,127
2012,5,HA,Moderate,42
2012,5,HA,Severe,26
2012,5,HP,None,0
2012,5,HP,Slight,0
2012,5,HP,Moderate,0
2012,5,HP,Severe,0
2012,5,KH,None,0
2012,5,KH,Slight,0
2012,5,KH,Moderate,0
2012,5,KH,Severe,0
2012,5,MQ,None,31594
2012,5,MQ,Slight,5131
2012,5,MQ,Moderate,3181
2012,5,MQ,Severe,2383
2012,5,NW,None,0
2012,5,NW,Slight,0
2012,5,NW,Moderate,0
2012,5,NW,Severe,0
2012,5,OH,None,0
2012,5,OH,Slight,0
2012,5,OH,Moderate,0
2012,5,OH,Severe,0
2012,5,OO,None,39379
2012,5,OO,Slight,7867
2012,5,OO,Moderate,3618
2012,5,OO,Severe,2913
2012,5,TZ,None,0
2012,5,TZ,Slight,0
2012,5,TZ,Moderate,0
2012,5,TZ,Severe,0
2012,5,UA,None,30773
2012,5,UA,Slight,21102
2012,5,UA,Moderate,7970
2012,5,UA,Severe,5586
2012,5,US,None,33082
2012,5,US,Slight,6675
2012,5,US,Moderate,2432
2012,5,US,Severe,1724
2012,5,VX,None,5608
2012,5,VX,Slight,1677
2012,5,VX,Moderate,491
2012,5,VX,Severe,406
2012,5,WN,None,34043
2012,5,WN,Slight,22699
2012,5,WN,Moderate,8885
2012,5,WN,Severe,4305
2012,5,XE,None,0
2012,5,XE,Slight,0
2012,5,XE,Moderate,0
2012,5,XE,Severe,0
2012,5,YV,None,7810
2012,5,YV,Slight,1206
2012,5,YV,Moderate,626
2012,5,YV,Severe,600
2012,6,9E,None,0
2012,6,9E,Slight,0
2012,6,9E,Moderate,0
2012,6,9E,Severe,0
2012,6,AA,None,35252
2012,6,AA,Slight,11365
2012,6,AA,Moderate,4933
2012,6,AA,Severe,4339
2012,6,AS,None,9370
2012,6,AS,Slight,1855
2012,6,AS,Moderate,639
2012,6,AS,Severe,463
2012,6,B6,None,13190
2012,6,B6,Slight,3281
2012,6,B6,Moderate,2015
2012,6,B6,Severe,2550
2012,6,CO,None,0
2012,6,CO,Slight,0
2012,6,CO,Moderate,0
2012,6,CO,Severe,0
2012,6,DH,None,0
2012,6,DH,Slight,0
2012,6,DH,Moderate,0
2012,6,DH,Severe,0
2012,6,DL,None,58770
2012,6,DL,Slight,16115
2012,6,DL,Moderate,6783
2012,6,DL,Severe,4910
2012,6,EV,None,35876
2012,6,EV,Slight,10511
2012,6,EV,Moderate,6499
2012,6,EV,Severe,6992
2012,6,F9,None,4630
2012,6,F9,Slight,2870
2012,6,F9,Moderate,1394
2012,6,F9,Severe,653
2012,6,FL,None,15004
2012,6,FL,Slight,4069
2012,6,FL,Moderate,1567
2012,6,FL,Severe,1060
2012,6,HA,None,391
2012,6,HA,Slight,182
2012,6,HA,Moderate,44
2012,6,HA,Severe,28
2012,6,HP,None,0
2012,6,HP,Slight,0
2012,6,HP,Moderate,0
2012,6,HP,Severe,0
2012,6,KH,None,0
2012,6,KH,Slight,0
2012,6,KH,Moderate,0
2012,6,KH,Severe,0
2012,6,MQ,None,29993
2012,6,MQ,Slight,5630
2012,6,MQ,Moderate,3743
2012,6,MQ,Severe,2602
2012,6,NW,None,0
2012,6,NW,Slight,0
2012,6,NW,Moderate,0
2012,6,NW,Severe,0
2012,6,OH,None,0
2012,6,OH,Slight,0
2012,6,OH,Moderate,0
2012,6,OH,Severe,0
2012,6,OO,None,36915
2012,6,OO,Slight,10324
2012,6,OO,Moderate,4569
2012,6,OO,Severe,3759
2012,6,TZ,None,0
2012,6,TZ,Slight,0
2012,6,TZ,Moderate,0
2012,6,TZ,Severe,0
2012,6,UA,None,24997
2012,6,UA,Slight,22559
2012,6,UA,Moderate,10616
2012,6,UA,Severe,8896
2012,6,US,None,31792
2012,6,US,Slight,6886
2012,6,US,Moderate,2401
2012,6,US,Severe,1830
2012,6,VX,None,5071
2012,6,VX,Slight,1656
2012,6,VX,Moderate,531
2012,6,VX,Severe,832
2012,6,WN,None,28956
2012,6,WN,Slight,24994
2012,6,WN,Moderate,10465
2012,6,WN,Severe,5364
2012,6,XE,None,0
2012,6,XE,Slight,0
2012,6,XE,Moderate,0
2012,6,XE,Severe,0
2012,6,YV,None,8079
2012,6,YV,Slight,1346
2012,6,YV,Moderate,548
2012,6,YV,Severe,523
2012,7,9E,None,0
2012,7,9E,Slight,0
2012,7,9E,Moderate,0
2012,7,9E,Severe,0
2012,7,AA,None,34373
2012,7,AA,Slight,11970
2012,7,AA,Moderate,5781
2012,7,AA,Severe,5545
2012,7,AS,None,9516
2012,7,AS,Slight,1911
2012,7,AS,Moderate,735
2012,7,AS,Severe,661
2012,7,B6,None,14227
2012,7,B6,Slight,3746
2012,7,B6,Moderate,2261
2012,7,B6,Severe,2820
2012,7,CO,None,0
2012,7,CO,Slight,0
2012,7,CO,Moderate,0
2012,7,CO,Severe,0
2012,7,DH,None,0
2012,7,DH,Slight,0
2012,7,DH,Moderate,0
2012,7,DH,Severe,0
2012,7,DL,None,56942
2012,7,DL,Slight,16712
2012,7,DL,Moderate,8384
2012,7,DL,Severe,7652
2012,7,EV,None,31708
2012,7,EV,Slight,10610
2012,7,EV,Moderate,7642
2012,7,EV,Severe,10401
2012,7,F9,None,5155
2012,7,F9,Slight,2904
2012,7,F9,Moderate,1298
2012,7,F9,Severe,642
2012,7,FL,None,14295
2012,7,FL,Slight,3971
2012,7,FL,Moderate,2096
2012,7,FL,Severe,2133
2012,7,HA,None,429
2012,7,HA,Slight,195
2012,7,HA,Moderate,66
2012,7,HA,Severe,35
2012,7,HP,None,0
2012,7,HP,Slight,0
2012,7,HP,Moderate,0
2012,7,HP,Severe,0
2012,7,KH,None,0
2012,7,KH,Slight,0
2012,7,KH,Moderate,0
2012,7,KH,Severe,0
2012,7,MQ,None,27283
2012,7,MQ,Slight,6077
2012,7,MQ,Moderate,4670
2012,7,MQ,Severe,4165
2012,7,NW,None,0
2012,7,NW,Slight,0
2012,7,NW,Moderate,0
2012,7,NW,Severe,0
2012,7,OH,None,0
2012,7,OH,Slight,0
2012,7,OH,Moderate,0
2012,7,OH,Severe,0
2012,7,OO,None,37017
2012,7,OO,Slight,10635
2012,7,OO,Moderate,5877
2012,7,OO,Severe,5174
2012,7,TZ,None,0
2012,7,TZ,Slight,0
2012,7,TZ,Moderate,0
2012,7,TZ,Severe,0
2012,7,UA,None,22022
2012,7,UA,Slight,21750
2012,7,UA,Moderate,12104
2012,7,UA,Severe,12204
2012,7,US,None,31018
2012,7,US,Slight,7556
2012,7,US,Moderate,3177
2012,7,US,Severe,2491
2012,7,VX,None,5511
2012,7,VX,Slight,1546
2012,7,VX,Moderate,705
2012,7,VX,Severe,773
2012,7,WN,None,28825
2012,7,WN,Slight,25239
2012,7,WN,Moderate,11416
2012,7,WN,Severe,6874
2012,7,XE,None,0
2012,7,XE,Slight,0
2012,7,XE,Moderate,0
2012,7,XE,Severe,0
2012,7,YV,None,6628
2012,7,YV,Slight,1327
2012,7,YV,Moderate,689
2012,7,YV,Severe,852
2012,8,9E,None,0
2012,8,9E,Slight,0
2012,8,9E,Moderate,0
2012,8,9E,Severe,0
2012,8,AA,None,33947
2012,8,AA,Slight,12424
2012,8,AA,Moderate,5972
2012,8,AA,Severe,5302
2012,8,AS,None,9591
2012,8,AS,Slight,2000
2012,8,AS,Moderate,619
2012,8,AS,Severe,505
2012,8,B6,None,13567
2012,8,B6,Slight,3842
2012,8,B6,Moderate,2376
2012,8,B6,Severe,3234
2012,8,CO,None,0
2012,8,CO,Slight,0
2012,8,CO,Moderate,0
2012,8,CO,Severe,0
2012,8,DH,None,0
2012,8,DH,Slight,0
2012,8,DH,Moderate,0
2012,8,DH,Severe,0
2012,8,DL,None,62005
2012,8,DL,Slight,16526
2012,8,DL,Moderate,7222
2012,8,DL,Severe,5573
2012,8,EV,None,36716
2012,8,EV,Slight,10570
2012,8,EV,Moderate,7095
2012,8,EV,Severe,7933
2012,8,F9,None,5643
2012,8,F9,Slight,2626
2012,8,F9,Moderate,1072
2012,8,F9,Severe,528
2012,8,FL,None,14361
2012,8,FL,Slight,3367
2012,8,FL,Moderate,1722
2012,8,FL,Severe,1283
2012,8,HA,None,416
2012,8,HA,Slight,190
2012,8,HA,Moderate,72
2012,8,HA,Severe,41
2012,8,HP,None,0
2012,8,HP,Slight,0
2012,8,HP,Moderate,0
2012,8,HP,Severe,0
2012,8,KH,None,0
2012,8,KH,Slight,0
2012,8,KH,Moderate,0
2012,8,KH,Severe,0
2012,8,MQ,None,29676
2012,8,MQ,Slight,6226
2012,8,MQ,Moderate,4446
2012,8,MQ,Severe,3185
2012,8,NW,None,0
2012,8,NW,Slight,0
2012,8,NW,Moderate,0
2012,8,NW,Severe,0
2012,8,OH,None,0
2012,8,OH,Slight,0
2012,8,OH,Moderate,0
2012,8,OH,Severe,0
2012,8,OO,None,39524
2012,8,OO,Slight,10393
2012,8,OO,Moderate,5125
2012,8,OO,Severe,4041
2012,8,TZ,None,0
2012,8,TZ,Slight,0
2012,8,TZ,Moderate,0
2012,8,TZ,Severe,0
2012,8,UA,None,26664
2012,8,UA,Slight,22438
2012,8,UA,Moderate,10518
2012,8,UA,Severe,8845
2012,8,US,None,30823
2012,8,US,Slight,7490
2012,8,US,Moderate,2801
2012,8,US,Severe,2071
2012,8,VX,None,5373
2012,8,VX,Slight,1927
2012,8,VX,Moderate,578
2012,8,VX,Severe,714
2012,8,WN,None,27741
2012,8,WN,Slight,25320
2012,8,WN,Moderate,10687
2012,8,WN,Severe,5940
2012,8,XE,None,0
2012,8,XE,Slight,0
2012,8,XE,Moderate,0
2012,8,XE,Severe,0
2012,8,YV,None,7209
2012,8,YV,Slight,1337
2012,8,YV,Moderate,597
2012,8,YV,Severe,607
2012,9,9E,None,0
2012,9,9E,Slight,0
2012,9,9E,Moderate,0
2012,9,9E,Severe,0
2012,9,AA,None,23617
2012,9,AA,Slight,12758
2012,9,AA,Moderate,8995
2012,9,AA,Severe,8101
2012,9,AS,None,9007
2012,9,AS,Slight,1416
2012,9,AS,Moderate,575
2012,9,AS,Severe,421
2012,9,B6,None,14499
2012,9,B6,Slight,2695
2012,9,B6,Moderate,1521
2012,9,B6,Severe,1570
2012,9,CO,None,0
2012,9,CO,Slight,0
2012,9,CO,Moderate,0
2012,9,CO,Severe,0
2012,9,DH,None,0
2012,9,DH,Slight,0
2012,9,DH,Moderate,0
2012,9,DH,Severe,0
2012,9,DL,None,64697
2012,9,DL,Slight,11699
2012,9,DL,Moderate,4549
2012,9,DL,Severe,3026
2012,9,EV,None,37770
2012,9,EV,Slight,7382
2012,9,EV,Moderate,4599
2012,9,EV,Severe,4775
2012,9,F9,None,5492
2012,9,F9,Slight,2180
2012,9,F9,Moderate,828
2012,9,F9,Severe,413
2012,9,FL,None,15261
2012,9,FL,Slight,2192
2012,9,FL,Moderate,794
2012,9,FL,Severe,540
2012,9,HA,None,452
2012,9,HA,Slight,158
2012,9,HA,Moderate,45
2012,9,HA,Severe,29
2012,9,HP,None,0
2012,9,HP,Slight,0
2012,9,HP,Moderate,0
2012,9,HP,Severe,0
2012,9,KH,None,0
2012,9,KH,Slight,0
2012,9,KH,Moderate,0
2012,9,KH,Severe,0
2012,9,MQ,None,31176
2012,9,MQ,Slight,4875
2012,9,MQ,Moderate,2585
2012,9,MQ,Severe,1869
2012,9,NW,None,0
2012,9,NW,Slight,0
2012,9,NW,Moderate,0
2012,9,NW,Severe,0
2012,9,OH,None,0
2012,9,OH,Slight,0
2012,9,OH,Moderate,0
2012,9,OH,Severe,0
2012,9,OO,None,38331
2012,9,OO,Slight,7409
2012,9,OO,Moderate,3831
2012,9,OO,Severe,3693
2012,9,TZ,None,0
2012,9,TZ,Slight,0
2012,9,TZ,Moderate,0
2012,9,TZ,Severe,0
2012,9,UA,None,34936
2012,9,UA,Slight,16912
2012,9,UA,Moderate,6153
2012,9,UA,Severe,4344
2012,9,US,None,31612
2012,9,US,Slight,5336
2012,9,US,Moderate,2172
2012,9,US,Severe,1474
2012,9,VX,None,5246
2012,9,VX,Slight,1418
2012,9,VX,Moderate,564
2012,9,VX,Severe,619
2012,9,WN,None,33103
2012,9,WN,Slight,20363
2012,9,WN,Moderate,6849
2012,9,WN,Severe,3719
2012,9,XE,None,0
2012,9,XE,Slight,0
2012,9,XE,Moderate,0
2012,9,XE,Severe,0
2012,9,YV,None,6940
2012,9,YV,Slight,921
2012,9,YV,Moderate,472
2012,9,YV,Severe,468
2012,10,9E,None,0
2012,10,9E,Slight,0
2012,10,9E,Moderate,0
2012,10,9E,Severe,0
2012,10,AA,None,28146
2012,10,AA,Slight,14326
2012,10,AA,Moderate,7861
2012,10,AA,Severe,4947
2012,10,AS,None,8723
2012,10,AS,Slight,1418
2012,10,AS,Moderate,520
2012,10,AS,Severe,660
2012,10,B6,None,12315
2012,10,B6,Slight,3583
2012,10,B6,Moderate,2076
2012,10,B6,Severe,1335
2012,10,CO,None,0
2012,10,CO,Slight,0
2012,10,CO,Moderate,0
2012,10,CO,Severe,0
2012,10,DH,None,0
2012,10,DH,Slight,0
2012,10,DH,Moderate,0
2012,10,DH,Severe,0
2012,10,DL,None,60838
2012,10,DL,Slight,15184
2012,10,DL,Moderate,6500
2012,10,DL,Severe,3375
2012,10,EV,None,36999
2012,10,EV,Slight,8806
2012,10,EV,Moderate,5753
2012,10,EV,Severe,5696
2012,10,F9,None,4996
2012,10,F9,Slight,2659
2012,10,F9,Moderate,1214
2012,10,F9,Severe,494
2012,10,FL,None,13851
2012,10,FL,Slight,2909
2012,10,FL,Moderate,1389
2012,10,FL,Severe,612
2012,10,HA,None,472
2012,10,HA,Slight,153
2012,10,HA,Moderate,50
2012,10,HA,Severe,18
2012,10,HP,None,0
2012,10,HP,Slight,0
2012,10,HP,Moderate,0
2012,10,HP,Severe,0
2012,10,KH,None,0
2012,10,KH,Slight,0
2012,10,KH,Moderate,0
2012,10,KH,Severe,0
2012,10,MQ,None,30369
2012,10,MQ,Slight,5792
2012,10,MQ,Moderate,3476
2012,10,MQ,Severe,2451
2012,10,NW,None,0
2012,10,NW,Slight,0
2012,10,NW,Moderate,0
2012,10,NW,Severe,0
2012,10,OH,None,0
2012,10,OH,Slight,0
2012,10,OH,Moderate,0
2012,10,OH,Severe,0
2012,10,OO,None,37833
2012,10,OO,Slight,8713
2012,10,OO,Moderate,4388
2012,10,OO,Severe,4118
2012,10,TZ,None,0
2012,10,TZ,Slight,0
2012,10,TZ,Moderate,0
2012,10,TZ,Severe,0
2012,10,UA,None,31704
2012,10,UA,Slight,18419
2012,10,UA,Moderate,6936
2012,10,UA,Severe,4846
2012,10,US,None,31405
2012,10,US,Slight,6983
2012,10,US,Moderate,2376
2012,10,US,Severe,1374
2012,10,VX,None,4816
2012,10,VX,Slight,1610
2012,10,VX,Moderate,532
2012,10,VX,Severe,512
2012,10,WN,None,30142
2012,10,WN,Slight,23143
2012,10,WN,Moderate,9465
2012,10,WN,Severe,4023
2012,10,XE,None,0
2012,10,XE,Slight,0
2012,10,XE,Moderate,0
2012,10,XE,Severe,0
2012,10,YV,None,6950
2012,10,YV,Slight,1089
2012,10,YV,Moderate,544
2012,10,YV,Severe,555
2012,11,9E,None,0
2012,11,9E,Slight,0
2012,11,9E,Moderate,0
2012,11,9E,Severe,0
2012,11,AA,None,30778
2012,11,AA,Slight,13731
2012,11,AA,Moderate,6165
2012,11,AA,Severe,3524
2012,11,AS,None,8192
2012,11,AS,Slight,1506
2012,11,AS,Moderate,587
2012,11,AS,Severe,491
2012,11,B6,None,13535
2012,11,B6,Slight,3629
2012,11,B6,Moderate,1763
2012,11,B6,Severe,1423
2012,11,CO,None,0
2012,11,CO,Slight,0
2012,11,CO,Moderate,0
2012,11,CO,Severe,0
2012,11,DH,None,0
2012,11,DH,Slight,0
2012,11,DH,Moderate,0
2012,11,DH,Severe,0
2012,11,DL,None,61877
2012,11,DL,Slight,13207
2012,11,DL,Moderate,4511
2012,11,DL,Severe,2609
2012,11,EV,None,38496
2012,11,EV,Slight,7553
2012,11,EV,Moderate,4546
2012,11,EV,Severe,4236
2012,11,F9,None,4942
2012,11,F9,Slight,2507
2012,11,F9,Moderate,927
2012,11,F9,Severe,372
2012,11,FL,None,13556
2012,11,FL,Slight,2624
2012,11,FL,Moderate,865
2012,11,FL,Severe,489
2012,11,HA,None,420
2012,11,HA,Slight,131
2012,11,HA,Moderate,40
2012,11,HA,Severe,45
2012,11,HP,None,0
2012,11,HP,Slight,0
2012,11,HP,Moderate,0
2012,11,HP,Severe,0
2012,11,KH,None,0
2012,11,KH,Slight,0
2012,11,KH,Moderate,0
2012,11,KH,Severe,0
2012,11,MQ,None,28820
2012,11,MQ,Slight,4955
2012,11,MQ,Moderate,2622
2012,11,MQ,Severe,1938
2012,11,NW,None,0
2012,11,NW,Slight,0
2012,11,NW,Moderate,0
2012,11,NW,Severe,0
2012,11,OH,None,0
2012,11,OH,Slight,0
2012,11,OH,Moderate,0
2012,11,OH,Severe,0
2012,11,OO,None,37361
2012,11,OO,Slight,7747
2012,11,OO,Moderate,4042
2012,11,OO,Severe,3447
2012,11,TZ,None,0
2012,11,TZ,Slight,0
2012,11,TZ,Moderate,0
2012,11,TZ,Severe,0
2012,11,UA,None,33443
2012,11,UA,Slight,16518
2012,11,UA,Moderate,5422
2012,11,UA,Severe,3678
2012,11,US,None,31510
2012,11,US,Slight,6911
2012,11,US,Moderate,2130
2012,11,US,Severe,1150
2012,11,VX,None,5121
2012,11,VX,Slight,1477
2012,11,VX,Moderate,404
2012,11,VX,Severe,600
2012,11,WN,None,29991
2012,11,WN,Slight,22584
2012,11,WN,Moderate,7669
2012,11,WN,Severe,3402
2012,11,XE,None,0
2012,11,XE,Slight,0
2012,11,XE,Moderate,0
2012,11,XE,Severe,0
2012,11,YV,None,7183
2012,11,YV,Slight,1010
2012,11,YV,Moderate,399
2012,11,YV,Severe,363
2012,12,9E,None,0
2012,12,9E,Slight,0
2012,12,9E,Moderate,0
2012,12,9E,Severe,0
2012,12,AA,None,29323
2012,12,AA,Slight,14236
2012,12,AA,Moderate,7665
2012,12,AA,Severe,5039
2012,12,AS,None,7685
2012,12,AS,Slight,2013
2012,12,AS,Moderate,756
2012,12,AS,Severe,480
2012,12,B6,None,11579
2012,12,B6,Slight,4171
2012,12,B6,Moderate,2788
2012,12,B6,Severe,2953
2012,12,CO,None,0
2012,12,CO,Slight,0
2012,12,CO,Moderate,0
2012,12,CO,Severe,0
2012,12,DH,None,0
2012,12,DH,Slight,0
2012,12,DH,Moderate,0
2012,12,DH,Severe,0
2012,12,DL,None,55005
2012,12,DL,Slight,13626
2012,12,DL,Moderate,6372
2012,12,DL,Severe,3739
2012,12,EV,None,31045
2012,12,EV,Slight,9016
2012,12,EV,Moderate,6565
2012,12,EV,Severe,7736
2012,12,F9,None,3539
2012,12,F9,Slight,2408
2012,12,F9,Moderate,1775
2012,12,F9,Severe,1013
2012,12,FL,None,11730
2012,12,FL,Slight,3273
2012,12,FL,Moderate,1722
2012,12,FL,Severe,979
2012,12,HA,None,409
2012,12,HA,Slight,175
2012,12,HA,Moderate,47
2012,12,HA,Severe,24
2012,12,HP,None,0
2012,12,HP,Slight,0
2012,12,HP,Moderate,0
2012,12,HP,Severe,0
2012,12,KH,None,0
2012,12,KH,Slight,0
2012,12,KH,Moderate,0
2012,12,KH,Severe,0
2012,12,MQ,None,23156
2012,12,MQ,Slight,5581
2012,12,MQ,Moderate,4090
2012,12,MQ,Severe,3691
2012,12,NW,None,0
2012,12,NW,Slight,0
2012,12,NW,Moderate,0
2012,12,NW,Severe,0
2012,12,OH,None,0
2012,12,OH,Slight,0
2012,12,OH,Moderate,0
2012,12,OH,Severe,0
2012,12,OO,None,33432
2012,12,OO,Slight,9870
2012,12,OO,Moderate,6131
2012,12,OO,Severe,5518
2012,12,TZ,None,0
2012,12,TZ,Slight,0
2012,12,TZ,Moderate,0
2012,12,TZ,Severe,0
2012,12,UA,None,27970
2012,12,UA,Slight,18524
2012,12,UA,Moderate,7923
2012,12,UA,Severe,5232
2012,12,US,None,28724
2012,12,US,Slight,8135
2012,12,US,Moderate,3020
2012,12,US,Severe,1789
2012,12,VX,None,4676
2012,12,VX,Slight,1686
2012,12,VX,Moderate,643
2012,12,VX,Severe,739
2012,12,WN,None,24890
2012,12,WN,Slight,20601
2012,12,WN,Moderate,12608
2012,12,WN,Severe,6749
2012,12,XE,None,0
2012,12,XE,Slight,0
2012,12,XE,Moderate,0
2012,12,XE,Severe,0
2012,12,YV,None,6727
2012,12,YV,Slight,1232
2012,12,YV,Moderate,547
2012,12,YV,Severe,455
